-- TOURNAMENTS
INSERT INTO tournaments (tournament_id,name,`year`,description,rounds,url,is_active) VALUES
	 (1,'Torneo de Verano',2024,'Torneo de Verano 2024',0,'TorneoVerano2024',0),
	 (2,'Torneo Otoño Invierno_2024',2024,'Torneo Otoño Invierno 2024',0,'Torneo_Otoño_Invierno_2024',1);

-- TEAMS
INSERT INTO teams (team_id,tournament_id,team_number,name,initials,category,image,is_active,games_won,games_lost,sets_won,sets_lost,points_won,points_lost) VALUES
	 (1,1,0,'FÉNIX','FÉNIX','FEMENIL',NULL,1,0,0,0,0,0,0),
	 (2,1,0,'VAGAS','VAGAS','FEMENIL',NULL,1,0,0,0,0,0,0),
	 (3,1,0,'TERRENEITOR','TERRE','FEMENIL',NULL,1,0,0,0,0,0,0),
	 (4,1,0,'PINK PANTHERS','PINK ','FEMENIL',NULL,1,0,0,0,0,0,0),
	 (5,1,0,'COMETAS','COMET','FEMENIL',NULL,1,0,0,0,0,0,0),
	 (6,1,0,'AGUA BLANCA','AGUA ','VARONIL',NULL,1,0,0,0,0,0,0),
	 (7,1,0,'PILARES','PILAR','VARONIL',NULL,1,0,0,0,0,0,0),
	 (8,1,0,'COSALIMA','COSAL','VARONIL',NULL,1,0,0,0,0,0,0),
	 (9,1,0,'HUISCOLCO','HUISC','VARONIL',NULL,1,0,0,0,0,0,0),
	 (10,1,0,'TOROS','TOROS','VARONIL',NULL,1,0,0,0,0,0,0),
	 (11,1,0,'ARDILLAS','ARDIL','VARONIL',NULL,1,0,0,0,0,0,0),
	 (12,1,0,'NEGOS','NEGOS','VARONIL',NULL,1,0,0,0,0,0,0),
	 (13,1,0,'LOS UNICOS','UNICO','VARONIL',NULL,1,0,0,0,0,0,0),
	 (14,1,0,'LA RETA','RETA','VARONIL',NULL,1,0,0,0,0,0,0),
	 (15,1,0,'LOS RENCOROSOS','RENCO','MIXTO',NULL,1,0,0,0,0,0,0),
	 (16,1,0,'PINK PANTHERS','PINK ','MIXTO',NULL,1,0,0,0,0,0,0),
	 (17,1,0,'VENGADORES','VENGA','MIXTO',NULL,1,0,0,0,0,0,0),
	 (18,1,0,'VIKINGOS','VIKIN','MIXTO',NULL,1,0,0,0,0,0,0),
	 (19,1,0,'FÉNIX','FÉNIX','MIXTO',NULL,1,0,0,0,0,0,0),
	 (20,1,0,'NOVATOS','NOVAT','MIXTO',NULL,1,0,0,0,0,0,0),
	 (21,1,0,'SIN NOMBRE','SNOMB','MIXTO',NULL,1,0,0,0,0,0,0),
	 (22,1,0,'PECHOCHOS','PECHO','MIXTO',NULL,1,0,0,0,0,0,0),
	 (23,1,0,'TERRENEITOR','TERRE','MIXTO',NULL,1,0,0,0,0,0,0),
	 (24,1,0,'LA SELECCIÓN','SELEC','MIXTO',NULL,1,0,0,0,0,0,0),
	 (25,1,0,'THE DREAM TEAM','DREAM','MIXTO',NULL,1,0,0,0,0,0,0),
	 (27,2,7,'TIX','TIX','FEMENIL',NULL,1,5,8,11,16,532,503),
	 (28,2,6,'COYOTITAS','COYOTITA','FEMENIL',NULL,1,0,10,0,20,121,500),
	 (29,2,8,'VENUS','VENUS','FEMENIL',NULL,1,6,6,13,13,497,455),
	 (30,2,5,'PANTERAS','PANTERAS','FEMENIL',NULL,1,9,4,19,8,598,445),
	 (31,2,2,'LAS PEQUES','PEQUES','FEMENIL',NULL,1,6,4,13,9,458,371),
	 (32,2,1,'GALACTICAS','GALACTIC','FEMENIL',NULL,1,8,4,16,10,456,458),
	 (33,2,3,'MONARCAS','MONARCAS','FEMENIL',NULL,1,11,1,22,2,588,315),
	 (34,2,4,'NOVAS','NOVAS','FEMENIL',NULL,1,1,9,2,18,275,478),
	 (36,2,4,'CUERVOS','CUERVOS','VARONIL','Cuervos.jpg',1,8,6,18,16,672,663),
	 (37,2,9,'TOROS','TOROS','VARONIL',NULL,1,3,10,9,22,610,697),
	 (38,2,1,'ARDILLAS','ARDILLAS','VARONIL',NULL,1,6,7,15,18,617,674),
	 (39,2,7,'NEGOS','NEGOS','VARONIL',NULL,1,3,9,10,20,536,569),
	 (40,2,6,'LOS UNICOS','UNICOS','VARONIL',NULL,1,0,12,1,24,305,612),
	 (41,2,5,'DESPEINADOS','DESPEINA','VARONIL',NULL,1,10,5,24,13,737,653),
	 (42,2,2,'EL CHIQUE','CHIQUE','VARONIL',NULL,1,12,1,24,4,674,417),
	 (43,2,3,'CIERVOS','CIERVOS','VARONIL',NULL,1,8,4,19,10,619,562),
	 (44,2,8,'REENCUENTRO','REENCUEN','VARONIL',NULL,1,8,4,18,11,575,498),
	 (46,2,12,'VENGADORES','VENGADOR','MIXTO',NULL,1,17,5,36,17,1096,987),
	 (47,2,13,'VIKINGOS','VIKINGOS','MIXTO',NULL,1,14,9,34,23,1173,1035),
	 (48,2,1,'FENIX','FENIX','MIXTO','Fenix.jpg',1,13,9,30,20,1037,967),
	 (49,2,9,'PECHOCHOS','PECHOCHO','MIXTO',NULL,1,6,17,19,35,1019,1079),
	 (50,2,4,'LA SELECCIÓN','SELECCIÓ','MIXTO',NULL,1,4,18,10,38,800,1088),
	 (51,2,5,'LOS DEL BASQUET','BASQUET','MIXTO',NULL,1,8,15,22,33,1045,1108),
	 (52,2,8,'MIXTICOS','MIXTICOS','MIXTO',NULL,1,20,4,44,13,1284,1041),
	 (53,2,6,'LOS OLVIDADOS','OLVIDADO','MIXTO',NULL,1,8,14,22,32,1016,1086),
	 (54,2,10,'RENCOROSOS','RENCOROS','MIXTO',NULL,1,20,4,41,17,1240,1031),
	 (55,2,14,'WINNERS','WINNERS','MIXTO',NULL,1,15,7,32,20,1084,927),
	 (56,2,7,'MIXED SQUIRRELS','SQUIRREL','MIXTO',NULL,1,8,13,20,30,943,1041),
	 (57,2,11,'ROJAS MIX','ROJAS MI','MIXTO',NULL,1,14,9,30,20,1032,948),
	 (58,2,2,'GALACTICOS','GALACTIC','MIXTO',NULL,1,0,22,1,44,570,1108),
	 (70,2,3,'L@S PEQUES','PEQUES','MIXTO',NULL,1,10,11,25,24,995,888);

-- PLAYERS
INSERT INTO players (player_id,team_id,`number`,name,last_name,games_played,games_total,games_percentage) VALUES
	 (1,49,10,'MARIO','CONTRERAS L',22,23,96),
	 (2,49,15,'PERLA','SALAMANCA',13,23,57),
	 (3,49,8,'LIZANDRA (13)','SANDOVAL',15,23,65),
	 (4,49,6,'YADIRA','CONTRERAS L',22,23,96),
	 (5,49,9,'CECILIA','CONTRERAS',5,23,22),
	 (6,49,3,'MAYRA','VILLALVAZO B',15,23,65),
	 (7,49,21,'ALI SAID','VILLAREAL GARAY',11,23,48),
	 (8,49,14,'QUETZAL','TORRES',21,23,91),
	 (9,49,2,'MARCO IVAN','REYES',9,23,39),
	 (10,70,28,'CONY','CHAVEZ',2,21,10),
	 (11,70,5,'MARIA','CERROS',13,21,62),
	 (12,70,6,'CRISTIAN','SANDOVAL',17,21,81),
	 (13,70,31,'GISELLE','RENTERIA',14,21,67),
	 (14,70,4,'ROBERTO','BETANCOT',15,21,71),
	 (15,70,30,'KARLA','BARAJAS',16,21,76),
	 (16,70,7,'JOEL','MARTINEZ',11,21,52),
	 (17,47,7,'GILDARDO','VIKINGOS',15,23,65),
	 (18,47,9,'JAZMIN','VIKINGOS',20,23,87),
	 (19,47,30,'FLORICEL','VIKINGOS',19,23,83),
	 (20,47,24,'MARLEN','VIKINGOS',17,23,74),
	 (21,47,12,'ABRAHAM','VIKINGOS',16,23,70),
	 (22,47,2,'RUBÍ','VIKINGOS',18,23,78),
	 (23,47,10,'JORGE','VIKINGOS',22,23,96),
	 (24,47,171,'MANUEL','VIKINGOS',18,23,78),
	 (25,47,31,'DAVID','VIKINGOS',16,23,70),
	 (26,50,30,'JAZMIN','GONZALEZ',15,22,68),
	 (27,50,17,'AHIDE','BARAJAS',21,22,95),
	 (28,50,6,'EDUARDO','RODRIGUEZ',21,22,95),
	 (29,50,2,'MARCO A','DUQUE',17,22,77),
	 (30,50,10,'ALEXIS','BARAJAS',12,22,55),
	 (31,50,5,'BERENICE','CASTILLO',19,22,86),
	 (32,53,25,'EDI','PADILLA SOLIS',21,22,95),
	 (33,53,22,'RAMIRO','GONZALEZ',14,22,64),
	 (34,53,4,'PAHOLA DENI','VELASCO V',10,22,45),
	 (35,53,30,'ZAIDA','L.SUAL',10,22,45),
	 (36,53,3,'LUZ ELENA','JOAQUIN',22,22,100),
	 (37,53,9,'SERGIO E.','ROBLES',11,22,50),
	 (38,53,7,'REBECA','BERNAL',22,22,100),
	 (39,53,11,'FRANCISCO','PLACENCIA',20,22,91),
	 (40,56,1,'INES','JIMENEZ',20,21,95),
	 (41,56,13,'HILDA','MARTINEZ',18,21,86),
	 (42,56,15,'LETICIA','RODRIGUEZ',17,21,81),
	 (43,56,18,'JOSE LUIS','MARQUEZ',16,21,76),
	 (44,56,44,'GLENDA','SOTO',8,21,38),
	 (45,56,10,'DANIELA','FIGUEROA',13,21,62),
	 (46,56,30,'JOSE','BAÑUELOS',17,21,81),
	 (47,56,26,'FELIPE','BAÑUELOS',12,21,57),
	 (48,50,12,'GUADALUPE','FIGUEROA',18,22,82),
	 (49,50,22,'ANA LAURA','GRISALVA',13,22,59),
	 (50,28,14,'HORTENCIA','RODRIGUEZ',8,11,73),
	 (51,28,7,'ARIANA','BARRON',8,11,73),
	 (52,28,9,'JESSICA','LEAÑOS',7,11,64),
	 (53,28,22,'EVELYN','SERNA',3,11,27),
	 (54,28,3,'LEZLHY','NIEVES',4,11,36),
	 (55,28,12,'YESSICA','SERNA',6,11,55),
	 (56,52,7,'ALONSO','NUÑEZ ESQUEDA',21,24,88),
	 (57,52,12,'MARIA DE JESUS','ORTEGA MUÑOZ',23,24,96),
	 (58,52,1,'NANCY','ORTEGA MUÑOZ',24,24,100),
	 (59,52,3,'MARIA GUADALUPE (16)','NUÑEZ ESQUEDA',22,24,92),
	 (60,52,10,'TAURINO','MACIAS VELASCO',23,24,96),
	 (61,52,8,'SULEMA','DURAN NUÑEZ',7,24,29),
	 (62,56,8,'SERGIO','CAMACHO',15,21,71),
	 (63,56,261,'JOSE','CUEVAS',8,21,38),
	 (64,51,3,'ALEJANDRO','ESPINOZA SANDOVAL',23,23,100),
	 (65,51,30,'CINTHIA PRISCILA (44)','VERA MURILLO',16,23,70),
	 (66,51,11,'FERNANDO (26)','GONZALEZ VIRAMONTES',17,23,74),
	 (67,51,2,'ENRIQUE','ALMARAZ MORENO',11,23,48),
	 (68,51,9,'DELFINA','SANDOVAL MUÑOZ',19,23,83),
	 (69,42,26,'MANUEL DE JESUS','SOTO MURILLO',13,13,100),
	 (70,42,8,'ALEXIS DANIEL','LOERA MUÑOZ',10,13,77),
	 (71,42,13,'JAIRO ALEJANDRO','VERA RUBIRA',13,13,100),
	 (72,42,11,'SANTIAGO','BAUTISTA RUBIO',7,13,54),
	 (73,42,10,'DIEGO','CERROS FLORES',9,13,69),
	 (74,42,27,'JOEL','MARTINEZ VALDEZ',10,13,77),
	 (75,42,4,'FRANCISCO JAVIER','FLORES PERALTA',6,13,46),
	 (76,41,1,'MARCOS','ALMARAZ MORENO',14,15,93),
	 (77,41,58,'CRISTOBAL','ALMARAZ BECERRA',11,15,73),
	 (78,41,77,'JOSE EDUARDO','ALMARAZ ALVALLAR',11,15,73),
	 (79,41,2,'ENRIQUE','ALMARAZ MORENO',14,15,93),
	 (80,41,23,'FERNANDO','GONZALES VIRAMONTES',8,15,53),
	 (81,41,11,'JUAN EDUARDO','SANDOVAL SANDOVAL',11,15,73),
	 (82,58,28,'CESAR OMAR','MARTINEZ VELASCO',16,22,73),
	 (83,58,30,'PEDRO ALONSO','CARRILLO SANDOVAL',16,22,73),
	 (84,58,24,'LUIS GERARDO','TALAMANTES SIMON',5,22,23),
	 (85,58,29,'FATIMA','SANTANA RIOS',19,22,86),
	 (86,58,13,'EVELIN ELIZABEETH','RAMIREZ RUVALCABA',15,22,68),
	 (87,40,30,'PEDRO ALONSO','CASTILLO',6,12,50),
	 (88,40,999,'LUIS GERARDO','TALAMANTES',NULL,12,NULL),
	 (89,40,6,'JOSE EDUARDO (8)','RODRIGUEZ',10,12,83),
	 (90,40,28,'OMAR','MARTINEZ',7,12,58),
	 (91,40,2,'MARCO','DUQUE',7,12,58),
	 (92,40,19,'CRISTOBAL (80)','AVILA',2,12,17),
	 (93,40,14,'MARCO','MUÑOZ',4,12,33),
	 (94,31,28,'CONY','CHAVEZ',8,10,80),
	 (95,31,2,'LOURDES','PEQUES',8,10,80),
	 (96,31,30,'KARLA','BARAJAS',8,10,80),
	 (97,31,31,'GISELLE','PEQUES',8,10,80),
	 (98,31,10,'EMMA','PEQUES',2,10,20),
	 (99,33,28,'PAULA','MACIAS',12,12,100),
	 (100,33,14,'MARISOL','MONARCAS',3,12,25),
	 (101,33,5,'LIZBETH','VELASCO',12,12,100),
	 (102,33,2,'RUBY','LEANDRO',11,12,92),
	 (103,33,19,'ROCIO','ROQUE',11,12,92),
	 (104,27,27,'ALEJANDRA','SANCHEZ AVELAR',10,13,77),
	 (105,27,24,'MARLENE','ORNELAS MENDEZ',10,13,77),
	 (106,27,5,'RUTH ALEJANDRA','MARTINEZ RODRIGUEZ',9,13,69),
	 (107,27,7,'REBECA','BERNAL RUBIRA',13,13,100),
	 (108,27,17,'ITZAYANA','LEAÑOS',10,13,77),
	 (109,27,4,'HEIDY','OROZCO',9,13,69),
	 (110,27,13,'ZAIDA LIZETH','SANDOVAL SOLIS',10,13,77),
	 (111,27,20,'PERLA IVETH','SOLIS AVILA',7,13,54),
	 (112,27,11,'ANA XOCHITL','HERNANDEZ R',11,13,85),
	 (113,29,13,'ISELA','VENUS',8,12,67),
	 (114,29,16,'LOLA','VENUS',4,12,33),
	 (115,29,8,'MIREYA','VENUS',10,12,83),
	 (116,29,15,'GISELLE','VENUS',5,12,42),
	 (117,29,5,'CITLALY','VENUS',10,12,83),
	 (118,29,14,'JOSELYN','VENUS',6,12,50),
	 (119,29,12,'EVELYN','VENUS',3,12,25),
	 (120,29,3,'LUCY','VENUS',7,12,58),
	 (121,29,10,'FATIMA','VENUS',6,12,50),
	 (122,29,6,'JULIETA','VENUS',6,12,50),
	 (123,27,14,'ALONDRA QUETZAL','TORRES CONTRERAS',10,13,77),
	 (124,27,6,'YADIRA MIRELLA','TORRES CONTRERAS',13,13,100),
	 (125,54,18,'MANUEL DE JESUS','SOTO MURILLO',23,24,96),
	 (126,54,23,'DIEGO DANIEL','SOLIS AVILA',17,24,71),
	 (127,54,17,'RUTH ALEJANDRA','MARTINEZ RODRIGUEZ',23,24,96),
	 (128,54,4,'MARIO ALFREDO','ACERO FIGUEROA',22,24,92),
	 (129,54,3,'KARINA MICHELLE','MARTINEZ RODRIGUEZ',3,24,13),
	 (130,57,11,'ESTEFANIA','LARES',22,23,96),
	 (131,57,8,'MIREYA','ROJAS',19,23,83),
	 (132,57,2,'FABIAN','HERNANDEZ',20,23,87),
	 (133,57,4,'HEYDI','OROZCO',15,23,65),
	 (134,57,58,'MANUEL','ARMAS',13,23,57),
	 (135,57,17,'EVELYN','ROJAS MIX',4,23,17),
	 (136,57,800,'OMAR','ROJAS MIX',1,23,4),
	 (137,46,8,'DANIEL','LOERA',15,22,68),
	 (138,46,3,'JUDITH','ALMARAZ',12,22,55),
	 (139,46,1,'ALONDRA','ROBLES',18,22,82),
	 (140,46,13,'JAIRO','VERA',21,22,95),
	 (141,46,7,'JIMENA','VENGADORES',21,22,95),
	 (142,46,15,'EDITH','ECHEVERRIA',4,22,18),
	 (143,46,6,'ALE','ECHEVERRIA',7,22,32),
	 (144,47,6,'JOSE DAVID','VIKINGOS',10,23,43),
	 (145,34,17,'AHIDE','BARAJAS SANDOVAL',10,11,91),
	 (146,34,9,'GABRIELA','BARAJAS SANDOVAL',10,11,91),
	 (147,34,14,'PERLA','SALAMANCA VILLA',7,11,64),
	 (148,34,13,'LIZANDRA','SANDOVAL MOTA',10,11,91),
	 (149,34,16,'CECILIA','VELASCO RUVALCABA',8,11,73),
	 (150,48,19,'JOSE ALBERTO','BERNAL RUVIRA',19,22,86),
	 (151,48,14,'SANDRA LETICIA','VELASCO CUEVAS',20,22,91),
	 (152,48,20,'MARTHA JUANITA','DUQUE ELIZALDE',21,22,95),
	 (153,48,17,'CESAR','MURILLO',12,22,55),
	 (154,48,18,'LEONARDO DANIEL','CERROS MEDINA',11,22,50),
	 (155,48,7,'JOSELYN','MARQUEZ SOLIS',10,22,45),
	 (156,48,23,'LUCY','SOLIS AVILA',11,22,50),
	 (157,30,20,'MARTHA JUANITA','DUQUE ELIZALDE',12,13,92),
	 (158,30,3,'LUZ ELENA','JOAQUIN MUÑOZ',12,13,92),
	 (159,30,21,'PAULINA','SALDAÑA',7,13,54),
	 (160,30,9,'GLORIA','MEDRANO BARRON',7,13,54),
	 (161,30,27,'ESTRELLA GUADALUPE','FIGUEROA JOAQUIN',10,13,77),
	 (162,30,14,'SANDRA LETICIA','VELASCO CUEVAS',12,13,92),
	 (163,30,11,'ESTEFANIA','LARES CARRILLO',12,13,92),
	 (164,30,8,'KARINA','SANDOVAL SOLIS',10,13,77),
	 (165,32,10,'ALONDRA','ROBLES',5,12,42),
	 (166,32,11,'ALEJANDRA','ECHEVERRIA',6,12,50),
	 (167,32,9,'JAZMIN','NAVA',6,12,50),
	 (168,32,3,'JUDITH','ALMARAZ',5,12,42),
	 (169,32,23,'CLAUDIA I','ROBLES',7,12,58),
	 (170,32,7,'JIMENA (5)','VALADEZ',8,12,67),
	 (171,32,30,'FLORICEL','VELAZQUEZ',5,12,42),
	 (172,32,15,'EDITH','ECHEVERRIA',6,12,50),
	 (173,36,19,'ALBERTO','BERNAL',14,14,100),
	 (174,36,13,'GILDARDO','LEANDRO',5,14,36),
	 (175,36,3,'RAFAEL','LEAÑOS',6,14,43),
	 (176,36,11,'FRANCISCO','PLACENCIA',12,14,86),
	 (177,36,10,'JAIRO','RUIZ',14,14,100),
	 (178,36,23,'DANIEL','SOLIS',11,14,79),
	 (179,36,1,'JORGE','LEANDRO',10,14,71),
	 (180,36,37,'INES','MUÑOZ',9,14,64),
	 (181,36,31,'DAVID','LEANDRO',6,14,43),
	 (182,36,17,'PEDRO','SOLIS',7,14,50),
	 (183,36,21,'JUAN ARMANDO','L',11,14,79),
	 (184,36,4,'LEONARDO','CERROS',6,14,43),
	 (185,36,7,'ANTONIO','BAÑUELA',3,14,21),
	 (186,36,119,'FERNANDO','GAMBOA',4,14,29),
	 (187,53,16,'ERNESTO','RUIZ',5,22,23),
	 (188,53,23,'DULCE','FIGUEROA',10,22,45),
	 (189,53,17,'MARCO','ALVARADO',13,22,59),
	 (190,49,1,'FERNANDA','VELASCO R',12,23,52),
	 (191,49,13,'SALVADOR (8)','BARAJAS',14,23,61),
	 (192,38,23,'RODRIGO','PEREZ',9,13,69),
	 (193,38,12,'EFRAN','AVILA',10,13,77),
	 (194,38,25,'BRAYAN','VARELA',8,13,62),
	 (195,38,24,'MIGUEL','VARELA',5,13,38),
	 (196,38,8,'SERGIO','CAMACHO',9,13,69),
	 (197,38,20,'EDGAR','DELGADO',5,13,38),
	 (198,38,11,'CUAHUTEMOC','FIGUEROA',9,13,69),
	 (199,38,17,'LUIS','MACIAS',12,13,92),
	 (200,38,9,'SAUL','MARTINEZ',2,13,15),
	 (201,55,5,'LIZBETH','VELASCO',21,22,95),
	 (202,55,13,'PAULA','MACIAS',15,22,68),
	 (203,55,23,'MARIANA','VARELA',20,22,91),
	 (204,55,25,'BRAYAN','VARELA',13,22,59),
	 (205,55,16,'NICOLAS','RAMOS',6,22,27),
	 (206,55,9,'MANUEL','MARQUEZ',18,22,82),
	 (207,51,12,'MARTHA','SANDOVAL MUÑOZ',11,23,48),
	 (208,51,68,'BERENICE','GASPAR REYES',19,23,83),
	 (209,51,86,'SAUL CAYETANO','JUAREZ PEREZ',20,23,87),
	 (210,56,11,'SANTIAGO','SQUIRRELS',5,21,24),
	 (211,54,11,'ANA XOCHITL','HERNANDEZ RAMOS',22,24,92),
	 (212,54,2,'MITSSY GISCEL (1)','CERROS HERNANDEZ',3,24,13),
	 (213,54,20,'PERLA IVETH','SOLIS AVILA',22,24,92),
	 (214,54,7,'CARLOS EDUARDO','CONTRERAS',11,24,46),
	 (215,54,1,'MARCO AURELIO','MARTINEZ RODRIGUEZ',1,24,4),
	 (216,47,25,'LILI','VIKINGOS',16,23,70),
	 (217,58,10,'CRISTOBAL','AVILA CARREON',17,22,77),
	 (218,58,11,'FATIMA GISELLE','MURILLO VICENCIO',12,22,55),
	 (219,58,12,'YULIETH','GARAY GALVEZ',13,22,59),
	 (220,58,15,'JOSE DE JESUS','LEANDRO ROCHA',9,22,41),
	 (221,38,33,'JUAN PEDRO','MACIAS',10,13,77),
	 (222,38,26,'CARLOS','DELGADO',4,13,31),
	 (223,38,28,'JAIRO','RODRIGUEZ',6,13,46),
	 (224,37,1,'MANUEL','HERNANDEZ LEANDRO',12,14,86),
	 (225,37,17,'ANGEL','ARROYO',9,14,64),
	 (226,37,3,'ABRAHAM L','LEANDRO ROCHA',11,14,79),
	 (227,37,13,'ALEXIS','LEANDRO ROCHA',13,14,93),
	 (228,37,24,'JOSE DE JESUS','LEANDRO ROCHA',13,14,93),
	 (229,37,10,'FELIPE DE JESUS','R LEANDRO',10,14,71),
	 (230,37,7,'OSCAR RAUDEL','LEANDRO OROZCO',11,14,79),
	 (231,37,2,'JESUS','LEANDRO OROZCO',11,14,79),
	 (232,41,9,'MANUEL DE A','MARQUEZ GARCIA',11,15,73),
	 (233,41,10,'JOSE MANUEL','RUVALCABA',7,15,47),
	 (234,44,11,'JUAN DIEGO','MARQUEZ VALADEZ',7,12,58),
	 (235,44,12,'KEVIN SANTIAGO','LOZANO CASTRO',7,12,58),
	 (236,44,4,'LEOPOLDO','LLAMAS VERA',5,12,42),
	 (237,44,14,'CARLO DANIEL','LOPEZ MERCADO',11,12,92),
	 (238,44,13,'ALDO','ROMERO',5,12,42),
	 (239,39,25,'EDI SANTIAGO','PADILLA SOLIS',12,13,92),
	 (240,39,11,'LEONARDO','VEDOY',8,13,62),
	 (241,39,109,'ABRAHAM PALMA','MARTINEZ',8,13,62),
	 (242,39,10,'ALEJANDRO','RENTERIA',6,13,46),
	 (243,39,19,'ANDRES','VILLA',8,13,62),
	 (244,39,8,'IVAN','VEDOY',11,13,85),
	 (245,39,15,'JOSE DE JESUS','LARA',4,13,31),
	 (246,39,31,'OLIVERIO','ROBLEDO',5,13,38),
	 (247,39,9,'DIEGO','LOZANO',1,13,8),
	 (248,39,7,'FERNANDO','SALDAÑA',5,13,38),
	 (249,39,17,'MARCO ANTONIO','ALVARADO ROMO',10,13,77),
	 (250,39,22,'RAMIRO','GONZALEZ',8,13,62),
	 (251,39,4,'JUAN','SANDOVAL',2,13,15),
	 (252,43,3,'JARETH (4)','ROMERO',5,12,42),
	 (253,43,911,'ALAN SEBASTIAN (6)','MARTINEZ RAMOS',7,12,58),
	 (254,43,7,'JUAN DE DIOS (2)','ROPON',12,12,100),
	 (255,43,9,'FABIAN','LOPEZ',10,12,83),
	 (256,43,18,'MIGUEL (8)','HERNANDEZ',8,12,67),
	 (257,43,11,'HUMBERTO','SERNA SERNA',4,12,33),
	 (259,40,919,'MARIO (19)','CONTRERAS',1,12,8),
	 (260,50,97,'MARBELLA','RODRIGUEZ',4,22,18),
	 (261,55,14,'MARISOL','WINNERS',1,22,5),
	 (262,57,14,'CARLOS','ARMAS',16,23,70),
	 (263,57,30,'MANUEL','VARGAS',5,23,22),
	 (264,57,13,'ISELA','ROJAS',19,23,83),
	 (265,46,906,'FABRICIO (6)','ROMO',13,22,59),
	 (266,30,12,'SANDRA','MEDINA',5,13,38),
	 (267,30,24,'ISABEL','MARQUEZ',5,13,38),
	 (268,46,5,'JAIRO','RUIZ',14,22,64),
	 (269,49,7,'YULIZA','MADRIZ',14,23,61),
	 (270,33,12,'GUADALUPE','FIGUEROA',10,12,83),
	 (271,33,20,'MARIANA','VARELA',10,12,83),
	 (272,52,908,'JIBRAN ULISES (8)','RAMIREZ VILLALPANDO',16,24,67),
	 (273,52,903,'JOSE LUIS (3)','VAZQUEZ LUEVANO',4,24,17),
	 (274,52,15,'OSCAR RAUDEL','LEANDRO OROZCO',18,24,75),
	 (275,55,1,'RUBEN','MARQUEZ',11,22,50),
	 (276,55,19,'ROCIO','ROQUE',19,22,86),
	 (277,48,27,'ALEJANDRA','SANCHEZ AVELAR',15,22,68),
	 (278,48,10,'SALVADOR','ZORRILLA HERNANDEZ',13,22,59),
	 (279,48,12,'EFRAIN','AVILA RODRIGUEZ',12,22,55),
	 (280,48,4,'JUAN','ARROYO',6,22,27),
	 (281,49,27,'JAQUELINE','ROJAS',7,23,30),
	 (282,70,24,'ERICK','PEQUES',8,21,38),
	 (283,70,8,'JAVIER','PEQUES',5,21,24),
	 (284,42,6,'CRISTIAN TEOFILO','SANDOVAL CERROS',9,13,69),
	 (285,42,7,'FABRICIO','ROMO RODRIGUEZ',8,13,62),
	 (286,42,2,'RAMIRO FABIAN','RODRIGUEZ BAÑUELOS',11,13,85),
	 (287,57,10,'ANGEL','ARROYO',12,23,52),
	 (288,50,14,'JONATHAN','LOPEZ',8,22,36),
	 (289,40,15,'LEONARDO','RAMOS',1,12,8),
	 (290,40,10,'MARIO','CONTRERAS',7,12,58),
	 (291,40,4,'JONATHAN','LOPEZ',2,12,17),
	 (292,52,11,'ANA ROSA','HERNANDEZ HERNANDEZ',5,24,21),
	 (293,51,7,'REGINA','ESPINOZA SANDOVAL',8,23,35),
	 (294,31,5,'MARIA','CERROS',9,10,90),
	 (295,31,15,'CAMILA','PEQUES',3,10,30),
	 (296,44,7,'ALONSO','NUÑEZ EZQUEDA',6,12,50),
	 (297,44,9,'TAURINO','MACIAS VELASCO',5,12,42),
	 (298,38,2,'MIGUEL','RUVIRA',6,13,46),
	 (299,43,10,'ALDO (7)','GONZALES',7,12,58),
	 (300,58,4,'GEMA','SANDOVAL NIEVES',13,22,59),
	 (301,34,7,'YULISA','MADRIZ PEREZ',8,11,73),
	 (302,28,10,'YAZMIN','CANDELARIO',6,11,55),
	 (303,56,4,'SAUL','MIXED',8,21,38),
	 (304,40,21,'ALI','VILLAREAL',4,12,33),
	 (305,41,5,'ALEJANDRO','ALMARAZ BECERRA',4,15,27),
	 (306,34,11,'BLANCA','MURILLO VICENCIO',8,11,73),
	 (307,70,10,'WENDY','PEQUES',8,21,38),
	 (308,28,8,'VANIA','MARTINEZ',5,11,45),
	 (309,31,910,'WENDY (10)','LEDEZMA',7,10,70),
	 (310,31,17,'VERONICA','RODRIGUEZ',7,10,70),
	 (311,34,10,'DANIELA','FIGUEROA CUEVAS',3,11,27),
	 (312,57,900,'PABLO','ROJAS',13,23,57),
	 (313,58,14,'NANCY','HERNANDEZ NIEVES',7,22,32),
	 (314,46,23,'CLAUDIA','ROBLES',5,22,23),
	 (315,43,2,'DIEGO','RODRIGUEZ',8,12,67),
	 (316,41,22,'NICOLAS','RAMOS',1,15,7),
	 (317,41,16,'RUBEN','MARQUEZ RUIZ',7,15,47),
	 (318,70,17,'VERONICA','RODRIGUEZ',11,21,52),
	 (319,44,6,'RIGOBERTO','MARQUEZ MORENO',7,12,58),
	 (321,43,1,'VICTOR','ROPON',2,12,17),
	 (322,43,5,'ADAN','RODRIGUEZ',6,12,50),
	 (323,46,915,'ANA ROSA','VENGADORES',2,22,9),
	 (325,46,10,'HORTENCIA LUCERO','VENGADORES',4,22,18),
	 (326,55,8,'MIGUEL','WINNERS',7,22,32),
	 (327,30,2,'VICTORIA','PLASCENCIA',1,13,8),
	 (328,39,911,'ERNESTO','RUIZ',6,13,46),
	 (329,40,24,'ANTONIO','MUÑOZ',2,12,17),
	 (330,33,10,'M GUADALUPE','MONARCAS',2,12,17),
	 (331,33,13,'VANESSA','MONARCAS',4,12,33),
	 (332,36,904,'JOSE ANTONIO','BAÑUELOS',3,14,21),
	 (333,36,9,'ARMANDO','MEDINA',3,14,21),
	 (334,28,13,'MILAGROS','PREPA',4,11,36),
	 (335,44,5,'JESUS ALEJANDRO (3)','BAUTISTA LOZANO',5,12,42),
	 (336,34,18,'ALEXA','VERA ARROYO',4,11,36),
	 (337,70,3,'ROBERTO 2','PEQUES',4,21,19),
	 (338,39,904,'LUIS ALBERTO','VILLA',4,13,31),
	 (339,48,3,'ESTRELLA GUADALUPE','FIGUEROA JOAQUIN',5,22,23),
	 (340,49,900,'NICOLAS','SANDOVAL',2,23,9),
	 (341,31,6,'LILIANA','CERROS',2,10,20),
	 (343,54,907,'LUIS GERARDO (26)','SANDOVAL MURILLO',4,24,17),
	 (344,37,5,'DIEGO (15)','LEANDRO VALADEZ',2,14,14),
	 (345,30,17,'DULCE','FIGUEROA',2,13,15),
	 (346,43,4,'ARMANDO (0)','BAUTISTA',3,12,25),
	 (347,43,801,'LEONARDO','CIERVOS',2,12,17),
	 (348,39,910,'MANUEL','NEGOS',NULL,13,NULL),
	 (349,39,810,'MARCOS','NEGOS',1,13,8),
	 (350,32,2,'LUCERO','RUVALCABA',2,12,17),
	 (352,53,1,'ANGEL','FIGUEROA',1,22,5),
	 (353,54,903,'NELO (3)','RENCOROSOS',2,24,8),
	 (354,57,700,'ROQUE','ROJAS MIX',3,23,13),
	 (355,57,3,'LUCY','ROJAS MIX',2,23,9),
	 (357,56,7,'LUIS','MIXED SQUIRRELS',3,21,14),
	 (358,56,911,'CUACTEMOC','MIXED SQUIRRELS',3,21,14),
	 (359,56,907,'JESUS','MIXED SQUIRRELS',3,21,14),
	 (360,58,900,'KEVIN','GALACTICOS',1,22,5),
	 (362,50,1,'DANIEL','SELECCION',2,22,9),
	 (363,50,3,'FRANCISCO','SELECCION',2,22,9),
	 (364,50,902,'CARMEN','SELECCION',2,22,9),
	 (365,29,9,'DANIELA','VENUS',2,12,17),
	 (367,46,2,'FABIAN','VENGADORES',3,22,14),
	 (368,38,59,'JESUS','ARDILLAS',2,13,15),
	 (369,38,900,'MARCO','ARDILLAS',2,13,15),
	 (370,38,1,'LUPE','ARDILLAS',2,13,15),
	 (371,39,900,'GUS','NEGOS',3,13,23),
	 (372,39,710,'CARLOS','NEGOS',2,13,15),
	 (373,40,17,'KEVIN','UNICOS',1,12,8),
	 (374,40,900,'CESAR','UNICOS',1,12,8),
	 (375,40,3,'FRANCISCO','UNICOS',2,12,17),
	 (376,42,22,'ALEJANDRO','CHIQUE',4,13,31),
	 (377,38,800,'JOSE LUIS','ARDILLAS',2,13,15),
	 (378,34,20,'JESICA','NOVAS',2,11,18),
	 (380,57,914,'JULY','ROJAS MIX',2,23,9),
	 (381,57,910,'BETO','ROJAS MIX',2,23,9),
	 (382,57,903,'DANIEL','ROJAS MIX',2,23,9),
	 (383,39,915,'JORGE','NEGOS',2,13,15),
	 (384,40,11,'MIGUE','UNICOS',1,12,8),
	 (385,40,903,'JESUS','UNICOS',1,12,8),
	 (386,40,902,'JESUS O','UNICOS',1,12,8),
	 (387,31,14,'CINTHIA','PEQUES',2,10,20),
	 (389,41,55,'CARLOS DAVID','ALMARAZ ALVALLAR',1,15,7),
	 (390,43,12,'LUIS FERNANDO','SAUCEDO RODRIGUEZ',NULL,12,NULL),
	 (391,44,15,'EZEQUIEL','RODRIGUEZ LOPEZ',NULL,12,NULL),
	 (392,54,904,'JAVIER (4)','FLORES PERALTA',NULL,24,NULL);

-- GAMES
INSERT INTO games (game_id,tournament_id,category,week_number,game_date,game_place,team_1,team_1_score,team_1_sets,team_1_points,team_1_set_1_pts,team_1_set_2_pts,team_1_set_3_pts,team_1_set_4_pts,team_1_set_5_pts,team_2,team_2_score,team_2_sets,team_2_points,team_2_set_1_pts,team_2_set_2_pts,team_2_set_3_pts,team_2_set_4_pts,team_2_set_5_pts,by_default) VALUES
	 (1,1,'FEMENIL',5,'2024-08-19 18:00:00','ARRIBA',1,0,0,44,0,0,0,0,0,2,1,0,50,0,0,0,0,0,0),
	 (2,1,'VARONIL',5,'2024-08-19 19:00:00','ARRIBA',7,1,0,50,0,0,0,0,0,11,0,0,27,0,0,0,0,0,0),
	 (3,1,'VARONIL',5,'2024-08-19 20:00:00','ARRIBA',9,0,0,58,0,0,0,0,0,12,1,0,54,0,0,0,0,0,0),
	 (4,1,'VARONIL',5,'2024-08-19 18:00:00','ABAJO',7,1,0,50,0,0,0,0,0,12,0,0,29,0,0,0,0,0,0),
	 (5,1,'VARONIL',5,'2024-08-19 19:00:00','ABAJO',8,1,0,50,0,0,0,0,0,14,0,0,22,0,0,0,0,0,0),
	 (6,1,'MIXTO',5,'2024-08-19 20:00:00','ABAJO',18,1,0,64,0,0,0,0,0,20,0,0,55,0,0,0,0,0,0),
	 (7,1,'MIXTO',5,'2024-08-20 18:00:00','ARRIBA',15,1,0,50,0,0,0,0,0,21,0,0,44,0,0,0,0,0,0),
	 (8,1,'VARONIL',5,'2024-08-20 19:00:00','ARRIBA',9,0,0,39,0,0,0,0,0,6,1,0,50,0,0,0,0,0,0),
	 (9,1,'VARONIL',5,'2024-08-20 20:00:00','ARRIBA',13,0,0,24,0,0,0,0,0,6,1,0,50,0,0,0,0,0,0),
	 (10,1,'MIXTO',5,'2024-08-20 18:00:00','ABAJO',17,0,0,53,0,0,0,0,0,25,1,0,57,0,0,0,0,0,0),
	 (11,1,'MIXTO',5,'2024-08-20 19:00:00','ABAJO',15,1,0,61,0,0,0,0,0,20,0,0,56,0,0,0,0,0,0),
	 (12,1,'MIXTO',5,'2024-08-20 20:00:00','ABAJO',15,0,0,54,0,0,0,0,0,25,1,0,64,0,0,0,0,0,0),
	 (13,1,'MIXTO',5,'2024-08-21 17:30:00','ARRIBA',23,1,0,50,0,0,0,0,0,22,0,0,24,0,0,0,0,0,0),
	 (14,1,'MIXTO',5,'2024-08-21 18:30:00','ARRIBA',24,0,0,26,0,0,0,0,0,23,1,0,50,0,0,0,0,0,0),
	 (15,1,'MIXTO',5,'2024-08-21 19:30:00','ARRIBA',19,0,0,56,0,0,0,0,0,18,1,0,61,0,0,0,0,0,0),
	 (16,1,'FEMENIL',5,'2024-08-21 18:00:00','ABAJO',4,1,0,50,0,0,0,0,0,5,0,0,22,0,0,0,0,0,0),
	 (17,1,'MIXTO',5,'2024-08-21 19:00:00','ABAJO',22,0,0,38,0,0,0,0,0,20,1,0,50,0,0,0,0,0,0),
	 (18,1,'VARONIL',5,'2024-08-21 20:00:00','ABAJO',10,1,0,50,0,0,0,0,0,14,0,0,18,0,0,0,0,0,0),
	 (19,1,'MIXTO',5,'2024-08-22 18:00:00','ARRIBA',17,1,0,50,0,0,0,0,0,22,0,0,24,0,0,0,0,0,0),
	 (20,1,'MIXTO',5,'2024-08-22 19:00:00','ARRIBA',22,0,0,46,0,0,0,0,0,21,1,0,62,0,0,0,0,0,0),
	 (21,1,'MIXTO',5,'2024-08-22 20:00:00','ARRIBA',17,1,0,50,0,0,0,0,0,24,0,0,41,0,0,0,0,0,0),
	 (22,1,'MIXTO',5,'2024-08-23 18:00:00','ARRIBA',24,0,0,31,0,0,0,0,0,19,1,0,51,0,0,0,0,0,0),
	 (23,1,'FEMENIL',4,'2024-08-12 18:00:00','ARRIBA',1,0,0,48,0,0,0,0,0,4,1,0,55,0,0,0,0,0,0),
	 (24,1,'VARONIL',4,'2024-08-12 19:00:00','ARRIBA',7,0,0,21,0,0,0,0,0,6,1,0,50,0,0,0,0,0,0),
	 (25,1,'VARONIL',4,'2024-08-12 20:00:00','ARRIBA',6,1,0,61,0,0,0,0,0,10,0,0,48,0,0,0,0,0,0),
	 (26,1,'MIXTO',4,'2024-08-12 18:00:00','ABAJO',20,0,0,45,0,0,0,0,0,17,1,0,51,0,0,0,0,0,0),
	 (27,1,'VARONIL',4,'2024-08-12 19:00:00','ABAJO',11,1,0,50,0,0,0,0,0,14,0,0,0,0,0,0,0,0,0),
	 (28,1,'VARONIL',4,'2024-08-12 20:00:00','ABAJO',7,1,0,50,0,0,0,0,0,14,0,0,28,0,0,0,0,0,0),
	 (29,1,'MIXTO',4,'2024-08-13 18:00:00','ARRIBA',19,0,0,34,0,0,0,0,0,15,1,0,50,0,0,0,0,0,0),
	 (30,1,'MIXTO',4,'2024-08-13 19:00:00','ARRIBA',17,0,0,32,0,0,0,0,0,18,1,0,50,0,0,0,0,0,0),
	 (31,1,'MIXTO',4,'2024-08-13 20:00:00','ARRIBA',21,0,0,58,0,0,0,0,0,18,1,0,63,0,0,0,0,0,0),
	 (32,1,'MIXTO',4,'2024-08-13 18:00:00','ABAJO',20,0,0,35,0,0,0,0,0,25,1,0,62,0,0,0,0,0,0),
	 (33,1,'MIXTO',4,'2024-08-13 19:00:00','ABAJO',19,0,0,45,0,0,0,0,0,25,1,0,56,0,0,0,0,0,0),
	 (34,1,'VARONIL',4,'2024-08-13 20:00:00','ABAJO',11,0,0,38,0,0,0,0,0,9,1,0,50,0,0,0,0,0,0),
	 (35,1,'FEMENIL',4,'2024-08-14 17:30:00','ARRIBA',3,1,0,50,0,0,0,0,0,5,0,0,31,0,0,0,0,0,0),
	 (36,1,'MIXTO',4,'2024-08-14 18:30:00','ARRIBA',15,1,0,50,0,0,0,0,0,23,0,0,42,0,0,0,0,0,0),
	 (37,1,'MIXTO',4,'2024-08-14 19:30:00','ARRIBA',23,0,0,45,0,0,0,0,0,19,1,0,50,0,0,0,0,0,0),
	 (38,1,'MIXTO',4,'2024-08-14 18:00:00','ABAJO',21,0,0,60,0,0,0,0,0,16,1,0,66,0,0,0,0,0,0),
	 (39,1,'VARONIL',4,'2024-08-14 19:00:00','ABAJO',8,1,0,50,0,0,0,0,0,12,0,0,19,0,0,0,0,0,0),
	 (40,1,'VARONIL',4,'2024-08-14 20:00:00','ABAJO',13,1,0,64,0,0,0,0,0,14,0,0,48,0,0,0,0,0,0),
	 (199,1,'FEMENIL',3,'2024-08-05 18:00:00','ARRIBA',2,1,0,51,0,0,0,0,0,5,0,0,45,0,0,0,0,0,0),
	 (200,1,'VARONIL',3,'2024-08-05 19:00:00','ARRIBA',8,0,0,43,0,0,0,0,0,7,1,0,52,0,0,0,0,0,0),
	 (201,1,'VARONIL',3,'2024-08-05 20:00:00','ARRIBA',13,0,0,25,0,0,0,0,0,7,1,0,50,0,0,0,0,0,0),
	 (202,1,'MIXTO',3,'2024-08-05 18:00:00','ABAJO',21,0,0,23,0,0,0,0,0,17,1,0,50,0,0,0,0,0,0),
	 (203,1,'MIXTO',3,'2024-08-05 19:00:00','ABAJO',19,1,0,63,0,0,0,0,0,20,0,0,47,0,0,0,0,0,0),
	 (204,1,'VARONIL',3,'2024-08-05 20:00:00','ABAJO',9,1,0,50,0,0,0,0,0,14,0,0,31,0,0,0,0,0,0),
	 (205,1,'MIXTO',3,'2024-08-06 18:00:00','ARRIBA',15,1,0,50,0,0,0,0,0,24,0,0,38,0,0,0,0,0,0),
	 (206,1,'VARONIL',3,'2024-08-06 19:00:00','ARRIBA',14,0,0,36,0,0,0,0,0,6,1,0,51,0,0,0,0,0,0),
	 (207,1,'VARONIL',3,'2024-08-06 20:00:00','ARRIBA',6,1,0,50,0,0,0,0,0,11,0,0,38,0,0,0,0,0,0),
	 (208,1,'MIXTO',3,'2024-08-06 18:00:00','ABAJO',20,1,0,60,0,0,0,0,0,23,0,0,59,0,0,0,0,0,0),
	 (209,1,'FEMENIL',3,'2024-08-06 19:00:00','ABAJO',3,0,0,37,0,0,0,0,0,4,1,0,50,0,0,0,0,0,0),
	 (210,1,'MIXTO',3,'2024-08-06 20:00:00','ABAJO',16,1,0,54,0,0,0,0,0,23,0,0,42,0,0,0,0,0,0),
	 (211,1,'VARONIL',3,'2024-08-07 19:00:00','ARRIBA',12,1,0,51,0,0,0,0,0,13,0,0,41,0,0,0,0,0,0),
	 (212,1,'VARONIL',3,'2024-08-07 20:00:00','ARRIBA',12,0,0,40,0,0,0,0,0,10,1,0,50,0,0,0,0,0,0),
	 (213,1,'MIXTO',3,'2024-08-07 19:00:00','ABAJO',25,1,0,50,0,0,0,0,0,22,0,0,40,0,0,0,0,0,0),
	 (214,1,'MIXTO',3,'2024-08-07 20:00:00','ABAJO',25,0,0,36,0,0,0,0,0,18,1,0,50,0,0,0,0,0,0),
	 (215,1,'MIXTO',3,'2024-08-08 18:00:00','ARRIBA',15,0,0,32,0,0,0,0,0,16,1,0,50,0,0,0,0,0,0),
	 (216,1,'MIXTO',3,'2024-08-08 19:00:00','ARRIBA',24,0,0,53,0,0,0,0,0,22,1,0,54,0,0,0,0,0,0),
	 (217,1,'MIXTO',3,'2024-08-08 20:00:00','ARRIBA',16,1,0,50,0,0,0,0,0,24,0,0,33,0,0,0,0,0,0),
	 (241,1,'FEMENIL',1,'2024-07-22 18:00:00','ARRIBA',2,1,0,50,0,0,0,0,0,4,0,0,29,0,0,0,0,0,0),
	 (242,1,'MIXTO',1,'2024-07-22 19:00:00','ARRIBA',21,1,0,54,0,0,0,0,0,23,0,0,50,0,0,0,0,0,0),
	 (243,1,'MIXTO',1,'2024-07-22 20:00:00','ARRIBA',21,1,0,50,0,0,0,0,0,24,0,0,41,0,0,0,0,0,0),
	 (244,1,'MIXTO',1,'2024-07-22 18:00:00','ABAJO',23,0,0,54,0,0,0,0,0,17,1,0,65,0,0,0,0,0,0),
	 (245,1,'MIXTO',1,'2024-07-22 19:00:00','ABAJO',16,1,0,50,0,0,0,0,0,18,0,0,41,0,0,0,0,0,0),
	 (246,1,'FEMENIL',1,'2024-07-22 20:00:00','ABAJO',3,0,0,46,0,0,0,0,0,1,1,0,57,0,0,0,0,0,0),
	 (247,1,'MIXTO',1,'2024-07-23 18:00:00','ARRIBA',22,0,0,41,0,0,0,0,0,15,1,0,50,0,0,0,0,0,0),
	 (248,1,'VARONIL',1,'2024-07-23 19:00:00','ARRIBA',9,1,0,50,0,0,0,0,0,13,0,0,35,0,0,0,0,0,0),
	 (249,1,'VARONIL',1,'2024-07-23 20:00:00','ARRIBA',11,0,0,19,0,0,0,0,0,8,1,0,50,0,0,0,0,0,0),
	 (250,1,'MIXTO',1,'2024-07-23 18:00:00','ABAJO',20,0,0,33,0,0,0,0,0,21,1,0,50,0,0,0,0,0,0),
	 (251,1,'VARONIL',1,'2024-07-23 19:00:00','ABAJO',8,1,0,53,0,0,0,0,0,10,0,0,63,0,0,0,0,0,0),
	 (252,1,'VARONIL',1,'2024-07-23 20:00:00','ABAJO',13,0,0,25,0,0,0,0,0,10,1,0,50,0,0,0,0,0,0),
	 (253,1,'MIXTO',1,'2024-07-24 19:00:00','ARRIBA',16,0,0,48,0,0,0,0,0,19,1,0,59,0,0,0,0,0,0),
	 (254,1,'MIXTO',1,'2024-07-24 20:00:00','ARRIBA',18,1,0,50,0,0,0,0,0,22,0,0,29,0,0,0,0,0,0),
	 (255,1,'MIXTO',1,'2024-07-24 18:00:00','ABAJO',19,0,0,49,0,0,0,0,0,17,1,0,68,0,0,0,0,0,0),
	 (256,1,'MIXTO',1,'2024-07-24 19:00:00','ABAJO',24,0,0,22,0,0,0,0,0,18,1,0,50,0,0,0,0,0,0),
	 (257,1,'MIXTO',1,'2024-07-24 20:00:00','ABAJO',16,0,0,46,0,0,0,0,0,17,1,0,65,0,0,0,0,0,0),
	 (258,1,'FEMENIL',1,'2024-07-25 18:00:00','ARRIBA',5,0,0,48,0,0,0,0,0,1,1,0,52,0,0,0,0,0,0),
	 (259,1,'MIXTO',1,'2024-07-25 19:00:00','ARRIBA',21,0,0,55,0,0,0,0,0,19,1,0,58,0,0,0,0,0,0),
	 (260,1,'MIXTO',1,'2024-07-25 20:00:00','ARRIBA',21,0,0,58,0,0,0,0,0,25,1,0,64,0,0,0,0,0,0),
	 (261,1,'MIXTO',2,'2024-07-29 18:00:00','ARRIBA',23,0,0,64,0,0,0,0,0,25,1,0,60,0,0,0,0,0,0),
	 (262,1,'MIXTO',2,'2024-07-29 19:00:00','ARRIBA',23,1,0,58,0,0,0,0,0,18,0,0,58,0,0,0,0,0,0),
	 (263,1,'MIXTO',2,'2024-07-29 20:00:00','ARRIBA',24,0,0,41,0,0,0,0,0,20,1,0,53,0,0,0,0,0,0),
	 (264,1,'VARONIL',2,'2024-07-29 18:00:00','ABAJO',7,1,0,50,0,0,0,0,0,10,0,0,23,0,0,0,0,0,0),
	 (265,1,'VARONIL',2,'2024-07-29 19:00:00','ABAJO',9,0,0,54,0,0,0,0,0,7,1,0,65,0,0,0,0,0,0),
	 (266,1,'FEMENIL',2,'2024-07-29 20:00:00','ABAJO',2,0,0,46,0,0,0,0,0,3,1,0,51,0,0,0,0,0,0),
	 (267,1,'VARONIL',2,'2024-07-30 18:00:00','ARRIBA',11,1,0,62,0,0,0,0,0,13,0,0,55,0,0,0,0,0,0),
	 (268,1,'VARONIL',2,'2024-07-30 19:00:00','ARRIBA',11,0,0,57,0,0,0,0,0,10,1,0,62,0,0,0,0,0,0),
	 (269,1,'MIXTO',2,'2024-07-30 20:00:00','ARRIBA',20,1,0,50,0,0,0,0,0,16,0,0,45,0,0,0,0,0,0),
	 (270,1,'MIXTO',2,'2024-07-30 18:00:00','ABAJO',15,1,0,53,0,0,0,0,0,17,0,0,55,0,0,0,0,0,0),
	 (271,1,'MIXTO',2,'2024-07-30 19:00:00','ABAJO',25,1,0,66,0,0,0,0,0,16,0,0,64,0,0,0,0,0,0),
	 (272,1,'MIXTO',2,'2024-07-30 20:00:00','ABAJO',24,0,0,40,0,0,0,0,0,25,1,0,63,0,0,0,0,0,0),
	 (273,1,'VARONIL',2,'2024-07-31 18:00:00','ARRIBA',12,1,0,64,0,0,0,0,0,14,0,0,47,0,0,0,0,0,0),
	 (274,1,'VARONIL',2,'2024-07-31 19:00:00','ARRIBA',11,1,0,50,0,0,0,0,0,12,0,0,43,0,0,0,0,0,0),
	 (275,1,'MIXTO',2,'2024-07-31 20:00:00','ARRIBA',18,0,0,54,0,0,0,0,0,15,1,0,57,0,0,0,0,0,0),
	 (276,1,'VARONIL',2,'2024-07-31 19:00:00','ABAJO',8,0,0,54,0,0,0,0,0,6,1,0,52,0,0,0,0,0,0),
	 (277,1,'VARONIL',2,'2024-07-31 20:00:00','ABAJO',6,1,0,50,0,0,0,0,0,12,0,0,28,0,0,0,0,0,0),
	 (278,1,'VARONIL',2,'2024-08-01 18:00:00','ARRIBA',9,1,0,50,0,0,0,0,0,10,0,0,28,0,0,0,0,0,0),
	 (279,1,'VARONIL',2,'2024-08-01 19:00:00','ARRIBA',8,1,0,50,0,0,0,0,0,9,0,0,40,0,0,0,0,0,0),
	 (280,1,'VARONIL',2,'2024-08-01 20:00:00','ARRIBA',8,1,0,50,0,0,0,0,0,13,0,0,32,0,0,0,0,0,0),
	 (281,1,'MIXTO',2,'2024-08-02 19:00:00','ARRIBA',19,1,0,52,0,0,0,0,0,22,0,0,43,0,0,0,0,0,0),
	 (282,1,'MIXTO',2,'2024-08-02 20:00:00','ARRIBA',16,1,0,50,0,0,0,0,0,22,0,0,23,0,0,0,0,0,0),
	 (429,2,'FEMENIL',1,'2024-09-09 18:00:00','ARRIBA',33,1,2,50,25,25,0,0,0,28,0,0,6,5,1,0,0,0,0),
	 (430,2,'MIXTO',1,'2024-09-09 19:00:00','ARRIBA',55,1,2,50,25,25,0,0,0,48,0,0,33,12,21,0,0,0,0),
	 (431,2,'FEMENIL',1,'2024-09-09 20:00:00','ARRIBA',30,1,2,50,25,25,0,0,0,34,0,0,18,7,11,0,0,0,0),
	 (432,2,'VARONIL',1,'2024-09-09 18:00:00','ABAJO',42,1,2,50,25,25,0,0,0,36,0,0,23,7,16,0,0,0,0),
	 (433,2,'MIXTO',1,'2024-09-09 19:00:00','ABAJO',46,1,2,50,25,25,0,0,0,56,0,0,28,16,12,0,0,0,0),
	 (434,2,'FEMENIL',1,'2024-09-10 18:00:00','ARRIBA',32,1,2,50,25,25,0,0,0,27,0,0,30,12,18,0,0,0,0),
	 (435,2,'FEMENIL',1,'2024-09-10 19:00:00','ARRIBA',31,1,2,50,25,25,0,0,0,29,0,0,37,15,22,0,0,0,0),
	 (436,2,'VARONIL',1,'2024-09-10 18:00:00','ABAJO',41,1,2,50,25,25,0,0,0,40,0,0,0,0,0,0,0,0,1),
	 (437,2,'VARONIL',1,'2024-09-10 19:00:00','ABAJO',37,0,1,55,19,25,11,0,0,38,1,2,63,25,23,15,0,0,0),
	 (438,2,'MIXTO',1,'2024-09-10 20:00:00','ABAJO',54,1,2,50,25,25,0,0,0,57,0,0,36,22,14,0,0,0,0),
	 (439,2,'MIXTO',1,'2024-09-12 18:00:00','ARRIBA',49,0,1,47,17,25,5,0,0,53,1,2,63,25,23,15,0,0,0),
	 (458,2,'FEMENIL',2,'2024-09-16 18:00:00','ARRIBA',32,1,2,50,25,25,0,0,0,28,0,0,0,0,0,0,0,0,1),
	 (459,2,'VARONIL',2,'2024-09-16 19:00:00','ARRIBA',41,0,1,49,25,11,13,0,0,38,1,2,55,15,25,15,0,0,0),
	 (460,2,'MIXTO',2,'2024-09-16 20:00:00','ARRIBA',46,1,2,50,25,25,0,0,0,57,0,0,23,8,15,0,0,0,0),
	 (462,2,'VARONIL',2,'2024-09-16 19:00:00','ABAJO',43,1,2,54,26,12,16,0,0,36,0,1,63,24,25,14,0,0,0),
	 (463,2,'MIXTO',2,'2024-09-16 20:00:00','ABAJO',51,0,1,47,19,25,3,0,0,47,1,2,55,25,15,15,0,0,0),
	 (464,2,'VARONIL',2,'2024-09-17 18:00:00','ARRIBA',44,1,2,50,25,25,0,0,0,39,0,0,27,8,19,0,0,0,0),
	 (466,2,'FEMENIL',2,'2024-09-17 20:00:00','ARRIBA',31,1,2,50,25,25,0,0,0,34,0,0,31,15,16,0,0,0,0),
	 (468,2,'VARONIL',2,'2024-09-17 19:00:00','ABAJO',44,1,2,50,25,25,0,0,0,40,0,0,14,0,14,0,0,0,0),
	 (469,2,'VARONIL',2,'2024-09-17 20:00:00','ABAJO',42,1,2,50,25,25,0,0,0,39,0,0,36,18,18,0,0,0,0),
	 (470,2,'FEMENIL',2,'2024-09-18 18:00:00','ARRIBA',33,1,2,50,25,25,0,0,0,29,0,0,0,0,0,0,0,0,1),
	 (471,2,'MIXTO',2,'2024-09-18 19:00:00','ARRIBA',54,1,2,64,25,24,15,0,0,48,0,1,48,12,26,10,0,0,0),
	 (472,2,'MIXTO',2,'2024-09-18 20:00:00','ARRIBA',55,1,2,50,25,25,0,0,0,50,0,0,34,21,13,0,0,0,0),
	 (474,2,'MIXTO',2,'2024-09-18 19:00:00','ABAJO',51,0,1,56,25,18,13,0,0,53,1,2,53,13,25,15,0,0,0),
	 (475,2,'MIXTO',2,'2024-09-19 18:00:00','ARRIBA',49,1,2,50,25,25,0,0,0,58,0,0,30,19,11,0,0,0,0),
	 (477,2,'MIXTO',3,'2024-09-23 18:00:00','ARRIBA',52,1,2,50,25,25,0,0,0,50,0,0,23,12,11,0,0,0,0),
	 (478,2,'FEMENIL',3,'2024-09-23 19:00:00','ARRIBA',32,1,2,61,21,25,15,0,0,29,0,1,50,25,13,12,0,0,0),
	 (479,2,'MIXTO',3,'2024-09-23 20:00:00','ARRIBA',52,1,2,61,18,28,15,0,0,47,0,1,59,25,26,8,0,0,0),
	 (480,2,'MIXTO',3,'2024-09-23 18:00:00','ABAJO',55,1,2,62,22,25,15,0,0,47,0,1,56,25,22,9,0,0,0),
	 (481,2,'VARONIL',3,'2024-09-23 19:00:00','ABAJO',41,1,2,51,26,25,0,0,0,37,0,0,40,24,16,0,0,0,0),
	 (482,2,'MIXTO',3,'2024-09-23 20:00:00','ABAJO',46,1,2,64,24,25,15,0,0,48,0,1,60,26,21,13,0,0,0),
	 (483,2,'VARONIL',3,'2024-09-24 18:00:00','ARRIBA',38,1,2,40,0,25,15,0,0,39,0,1,55,25,21,9,0,0,0),
	 (485,2,'MIXTO',3,'2024-09-24 20:00:00','ARRIBA',55,1,2,50,25,25,0,0,0,53,0,0,32,17,15,0,0,0,0),
	 (486,2,'VARONIL',3,'2024-09-24 18:00:00','ABAJO',42,1,2,50,25,25,0,0,0,40,0,0,15,0,15,0,0,0,0),
	 (487,2,'VARONIL',3,'2024-09-24 19:00:00','ABAJO',42,1,2,50,25,25,0,0,0,38,0,0,28,13,15,0,0,0,0),
	 (488,2,'MIXTO',3,'2024-09-24 20:00:00','ABAJO',49,0,1,55,25,19,11,0,0,56,1,2,58,18,25,15,0,0,0),
	 (489,2,'FEMENIL',3,'2024-09-25 18:00:00','ARRIBA',30,1,2,50,25,25,0,0,0,27,0,0,37,21,16,0,0,0,0),
	 (490,2,'MIXTO',3,'2024-09-25 19:00:00','ARRIBA',54,1,2,50,25,25,0,0,0,50,0,0,25,9,16,0,0,0,0),
	 (491,2,'MIXTO',3,'2024-09-25 20:00:00','ARRIBA',46,1,2,50,25,25,0,0,0,50,0,0,31,11,20,0,0,0,0),
	 (492,2,'FEMENIL',3,'2024-09-25 18:00:00','ABAJO',33,1,2,50,25,25,0,0,0,34,0,0,19,11,8,0,0,0,0),
	 (493,2,'MIXTO',3,'2024-09-25 19:00:00','ABAJO',51,1,2,50,25,25,0,0,0,58,0,0,25,15,10,0,0,0,0),
	 (494,2,'MIXTO',3,'2024-09-25 20:00:00','ABAJO',51,1,2,60,25,20,15,0,0,49,0,1,57,22,25,10,0,0,0),
	 (498,2,'VARONIL',4,'2024-09-30 18:00:00','ARRIBA',43,1,2,50,25,25,0,0,0,40,0,0,35,15,20,0,0,0,0),
	 (499,2,'VARONIL',4,'2024-09-30 19:00:00','ARRIBA',43,1,2,51,25,26,0,0,0,39,0,0,32,8,24,0,0,0,0),
	 (500,2,'MIXTO',4,'2024-09-30 20:00:00','ARRIBA',51,1,2,63,25,23,15,0,0,56,0,1,49,12,25,12,0,0,0),
	 (501,2,'FEMENIL',4,'2024-09-30 18:00:00','ABAJO',31,1,2,50,25,25,0,0,0,30,0,0,37,17,20,0,0,0,0),
	 (502,2,'FEMENIL',4,'2024-09-30 19:00:00','ABAJO',32,1,2,50,25,25,0,0,0,34,0,0,25,17,8,0,0,0,0),
	 (503,2,'VARONIL',4,'2024-09-30 20:00:00','ABAJO',39,0,1,63,25,25,13,0,0,36,1,2,61,27,19,15,0,0,0),
	 (506,2,'VARONIL',4,'2024-10-01 20:00:00','ARRIBA',41,0,1,53,25,15,13,0,0,44,1,2,60,20,25,15,0,0,0),
	 (508,2,'VARONIL',4,'2024-10-01 19:00:00','ABAJO',44,0,0,50,29,21,0,0,0,38,1,2,56,31,25,0,0,0,0),
	 (509,2,'MIXTO',4,'2024-10-01 20:00:00','ABAJO',46,1,2,59,25,19,15,0,0,47,0,1,53,22,25,6,0,0,0),
	 (510,2,'MIXTO',4,'2024-10-02 18:00:00','ARRIBA',54,1,2,50,25,25,0,0,0,53,0,0,33,14,19,0,0,0,0),
	 (511,2,'VARONIL',4,'2024-10-02 19:00:00','ARRIBA',37,0,0,45,28,17,0,0,0,42,1,2,55,30,25,0,0,0,0),
	 (512,2,'MIXTO',4,'2024-10-02 20:00:00','ARRIBA',48,1,2,50,25,25,0,0,0,56,0,0,25,17,8,0,0,0,0),
	 (513,2,'MIXTO',4,'2024-10-02 18:00:00','ABAJO',57,0,0,15,0,15,0,0,0,48,1,2,50,25,25,0,0,0,0),
	 (514,2,'MIXTO',4,'2024-10-02 19:00:00','ABAJO',57,1,2,50,25,25,0,0,0,56,0,0,31,23,8,0,0,0,0),
	 (515,2,'MIXTO',4,'2024-10-02 20:00:00','ABAJO',55,1,2,50,25,25,0,0,0,58,0,0,27,18,9,0,0,0,0),
	 (517,2,'FEMENIL',4,'2024-10-03 19:00:00','ARRIBA',28,0,0,17,9,8,0,0,0,27,1,2,50,25,25,0,0,0,0),
	 (518,2,'MIXTO',5,'2024-10-07 18:00:00','ARRIBA',54,1,2,61,21,25,15,0,0,52,0,1,54,25,16,13,0,0,0),
	 (519,2,'MIXTO',5,'2024-10-07 19:00:00','ARRIBA',51,0,1,55,18,25,12,0,0,52,1,2,58,25,18,15,0,0,0),
	 (520,2,'MIXTO',5,'2024-10-07 20:00:00','ARRIBA',53,0,0,28,12,16,0,0,0,48,1,2,50,25,25,0,0,0,0),
	 (521,2,'MIXTO',5,'2024-10-07 21:00:00','ARRIBA',49,0,0,35,15,20,0,0,0,48,1,2,50,25,25,0,0,0,0),
	 (522,2,'MIXTO',5,'2024-10-07 18:00:00','ABAJO',55,1,2,63,25,23,15,0,0,51,0,1,48,19,25,4,0,0,0),
	 (523,2,'VARONIL',5,'2024-10-07 19:00:00','ABAJO',40,0,0,32,16,16,0,0,0,36,1,2,50,25,25,0,0,0,0),
	 (524,2,'MIXTO',5,'2024-10-07 20:00:00','ABAJO',49,0,1,55,25,20,10,0,0,50,1,2,61,21,25,15,0,0,0),
	 (526,2,'MIXTO',5,'2024-10-08 19:00:00','ARRIBA',46,0,0,0,0,0,0,0,0,70,1,2,50,25,25,0,0,0,1),
	 (527,2,'MIXTO',5,'2024-10-08 20:00:00','ARRIBA',70,0,1,47,14,25,8,0,0,54,1,2,60,25,20,15,0,0,0),
	 (528,2,'VARONIL',5,'2024-10-08 20:00:00','ARRIBA',42,1,2,50,25,25,0,0,0,41,0,0,0,0,0,0,0,0,1),
	 (529,2,'MIXTO',5,'2024-10-08 18:00:00','ABAJO',56,1,2,50,25,25,0,0,0,58,0,0,40,20,20,0,0,0,0),
	 (530,2,'VARONIL',5,'2024-10-09 18:00:00','ARRIBA',39,0,1,53,20,25,8,0,0,37,1,2,57,25,17,15,0,0,0),
	 (531,2,'MIXTO',5,'2024-10-09 19:00:00','ARRIBA',47,1,2,50,25,25,0,0,0,57,0,0,34,15,19,0,0,0,0),
	 (532,2,'FEMENIL',5,'2024-10-09 20:00:00','ARRIBA',27,1,2,50,25,25,0,0,0,29,0,0,0,0,0,0,0,0,1),
	 (533,2,'FEMENIL',5,'2024-10-09 18:00:00','ABAJO',30,0,0,26,8,18,0,0,0,33,1,2,50,25,25,0,0,0,0),
	 (534,2,'FEMENIL',5,'2024-10-09 19:00:00','ABAJO',34,1,2,50,25,25,0,0,0,28,0,0,28,13,15,0,0,0,0),
	 (535,2,'MIXTO',5,'2024-10-10 18:00:00','ABAJO',53,0,1,56,22,25,9,0,0,50,1,2,53,25,13,15,0,0,0),
	 (536,2,'MIXTO',5,'2024-10-10 19:00:00','ABAJO',46,1,2,50,25,25,0,0,0,58,0,0,13,6,7,0,0,0,0),
	 (557,2,'VARONIL',6,'2024-10-14 18:00:00','ARRIBA',44,1,2,50,25,25,0,0,0,36,0,0,18,8,10,0,0,0,0),
	 (558,2,'VARONIL',6,'2024-10-14 19:00:00','ARRIBA',44,1,2,60,25,20,15,0,0,37,0,1,53,21,25,7,0,0,0),
	 (559,2,'MIXTO',6,'2024-10-14 20:00:00','ARRIBA',50,0,0,42,11,31,0,0,0,48,1,2,58,25,33,0,0,0,0),
	 (560,2,'MIXTO',6,'2024-10-14 21:00:00','ARRIBA',49,0,0,31,9,22,0,0,0,47,1,2,50,25,25,0,0,0,0),
	 (561,2,'MIXTO',6,'2024-10-14 18:00:00','ABAJO',54,0,0,46,22,24,0,0,0,51,1,2,51,25,26,0,0,0,0),
	 (562,2,'FEMENIL',6,'2024-10-14 19:00:00','ABAJO',29,1,2,50,25,25,0,0,0,34,0,0,22,15,7,0,0,0,0),
	 (563,2,'MIXTO',6,'2024-10-14 20:00:00','ABAJO',47,1,2,58,25,18,15,0,0,53,0,1,50,17,25,8,0,0,0),
	 (564,2,'MIXTO',6,'2024-10-15 18:00:00','ARRIBA',46,1,2,58,18,25,15,0,0,54,0,1,54,25,20,9,0,0,0),
	 (565,2,'VARONIL',6,'2024-10-15 19:00:00','ARRIBA',43,1,2,53,27,26,0,0,0,38,0,0,49,25,24,0,0,0,0),
	 (566,2,'VARONIL',6,'2024-10-15 20:00:00','ARRIBA',43,0,1,56,25,21,10,0,0,42,1,2,60,20,25,15,0,0,0),
	 (567,2,'MIXTO',6,'2024-10-15 21:00:00','ARRIBA',56,0,1,55,16,28,11,0,0,70,1,2,66,25,26,15,0,0,0),
	 (568,2,'MIXTO',6,'2024-10-15 18:00:00','ABAJO',70,0,1,61,25,23,13,0,0,48,1,2,40,0,25,15,0,0,0),
	 (569,2,'MIXTO',6,'2024-10-15 19:00:00','ABAJO',70,1,2,51,26,25,0,0,0,51,0,0,37,24,13,0,0,0,0),
	 (570,2,'MIXTO',6,'2024-10-15 20:00:00','ABAJO',70,0,0,30,16,14,0,0,0,55,1,2,50,25,25,0,0,0,0),
	 (571,2,'MIXTO',6,'2024-10-16 18:00:00','ARRIBA',57,0,1,45,25,10,10,0,0,49,1,2,56,16,25,15,0,0,0),
	 (572,2,'MIXTO',6,'2024-10-16 19:00:00','ARRIBA',50,1,2,50,25,25,0,0,0,58,0,0,32,11,21,0,0,0,0),
	 (573,2,'VARONIL',6,'2024-10-16 20:00:00','ARRIBA',41,1,2,50,25,25,0,0,0,39,0,0,26,18,8,0,0,0,0),
	 (574,2,'FEMENIL',6,'2024-10-16 18:00:00','ABAJO',33,1,2,54,25,29,0,0,0,32,0,0,45,18,27,0,0,0,0),
	 (575,2,'MIXTO',6,'2024-10-16 19:00:00','ABAJO',57,0,1,48,25,19,4,0,0,55,1,2,40,0,25,15,0,0,0),
	 (576,2,'FEMENIL',5,'2024-10-08 18:00:00','ARRIBA',32,0,0,0,0,0,0,0,0,31,1,2,50,25,25,0,0,0,1),
	 (577,2,'MIXTO',7,'2024-10-21 18:00:00','ARRIBA',46,0,0,38,19,19,0,0,0,52,1,2,50,25,25,0,0,0,0),
	 (578,2,'MIXTO',7,'2024-10-21 19:00:00','ARRIBA',55,1,2,67,25,27,15,0,0,52,0,1,59,22,29,8,0,0,0),
	 (579,2,'MIXTO',7,'2024-10-21 20:00:00','ARRIBA',52,0,1,60,21,25,14,0,0,48,1,2,57,25,16,16,0,0,0),
	 (580,2,'MIXTO',7,'2024-10-21 21:00:00','ARRIBA',56,0,0,37,14,23,0,0,0,53,1,2,50,25,25,0,0,0,0),
	 (581,2,'MIXTO',7,'2024-10-21 18:00:00','ABAJO',54,1,2,62,25,22,15,0,0,49,0,1,56,18,25,13,0,0,0),
	 (582,2,'MIXTO',7,'2024-10-21 19:00:00','ABAJO',47,0,1,53,18,25,10,0,0,54,1,2,60,25,20,15,0,0,0),
	 (583,2,'MIXTO',7,'2024-10-21 20:00:00','ABAJO',47,1,2,50,25,25,0,0,0,58,0,0,28,13,15,0,0,0,0),
	 (584,2,'FEMENIL',7,'2024-10-22 18:00:00','ARRIBA',27,0,1,43,25,11,7,0,0,31,1,2,62,22,25,15,0,0,0),
	 (585,2,'FEMENIL',7,'2024-10-22 19:00:00','ARRIBA',33,1,2,51,26,25,0,0,0,31,0,0,44,24,20,0,0,0,0),
	 (586,2,'MIXTO',7,'2024-10-22 20:00:00','ARRIBA',49,1,2,50,25,25,0,0,0,70,0,0,35,18,17,0,0,0,0),
	 (587,2,'MIXTO',7,'2024-10-22 21:00:00','ARRIBA',53,1,2,50,25,25,0,0,0,70,0,0,43,21,22,0,0,0,0),
	 (588,2,'VARONIL',7,'2024-10-22 18:00:00','ABAJO',40,0,0,24,12,12,0,0,0,38,1,2,50,25,25,0,0,0,0),
	 (589,2,'VARONIL',7,'2024-10-22 19:00:00','ABAJO',37,0,1,46,25,15,6,0,0,36,1,2,60,20,25,15,0,0,0),
	 (590,2,'VARONIL',7,'2024-10-22 20:00:00','ABAJO',36,0,0,33,17,16,0,0,0,41,1,2,50,25,25,0,0,0,0),
	 (591,2,'MIXTO',7,'2024-10-23 18:00:00','ARRIBA',50,0,0,38,14,24,0,0,0,57,1,2,51,25,26,0,0,0,0),
	 (592,2,'FEMENIL',7,'2024-10-23 19:00:00','ARRIBA',30,1,2,51,25,26,0,0,0,29,0,0,47,23,24,0,0,0,0),
	 (593,2,'FEMENIL',7,'2024-10-23 20:00:00','ARRIBA',30,1,2,50,25,25,0,0,0,28,0,0,14,6,8,0,0,0,0),
	 (594,2,'MIXTO',7,'2024-10-23 21:00:00','ARRIBA',47,1,2,50,25,25,0,0,0,57,0,0,38,22,16,0,0,0,0),
	 (595,2,'MIXTO',7,'2024-10-23 18:00:00','ABAJO',46,1,2,50,25,25,0,0,0,55,0,0,40,18,22,0,0,0,0),
	 (596,2,'VARONIL',8,'2024-10-28 18:00:00','ARRIBA',44,0,1,57,25,22,10,0,0,42,1,2,63,23,25,15,0,0,0),
	 (597,2,'VARONIL',8,'2024-10-28 19:00:00','ARRIBA',43,0,0,42,21,21,0,0,0,44,1,2,50,25,25,0,0,0,0),
	 (598,2,'VARONIL',8,'2024-10-28 20:00:00','ARRIBA',43,1,2,50,25,25,0,0,0,37,0,0,37,21,16,0,0,0,0),
	 (599,2,'MIXTO',8,'2024-10-28 18:00:00','ABAJO',51,1,2,50,25,25,0,0,0,50,0,0,39,22,17,0,0,0,0),
	 (600,2,'MIXTO',8,'2024-10-28 19:00:00','ABAJO',54,1,2,50,25,25,0,0,0,56,0,0,35,16,19,0,0,0,0),
	 (601,2,'MIXTO',8,'2024-10-28 20:00:00','ABAJO',46,1,2,50,25,25,0,0,0,51,0,0,38,19,19,0,0,0,0),
	 (602,2,'MIXTO',8,'2024-10-29 18:00:00','ARRIBA',58,0,0,20,9,11,0,0,0,70,1,2,50,25,25,0,0,0,0),
	 (603,2,'MIXTO',8,'2024-10-29 19:00:00','ARRIBA',52,1,2,50,25,25,0,0,0,49,0,0,36,14,22,0,0,0,0),
	 (604,2,'MIXTO',8,'2024-10-29 20:00:00','ARRIBA',52,1,2,50,25,25,0,0,0,58,0,0,27,13,14,0,0,0,0),
	 (605,2,'MIXTO',8,'2024-10-29 21:00:00','ARRIBA',55,0,0,38,16,22,0,0,0,54,1,2,50,25,25,0,0,0,0),
	 (606,2,'MIXTO',8,'2024-10-29 18:00:00','ABAJO',52,1,2,53,25,13,15,0,0,53,0,1,48,14,25,9,0,0,0),
	 (607,2,'MIXTO',8,'2024-10-29 19:00:00','ABAJO',57,0,0,33,18,15,0,0,0,70,1,2,50,25,25,0,0,0,0),
	 (608,2,'MIXTO',8,'2024-10-29 20:00:00','ABAJO',57,1,2,59,25,19,15,0,0,53,0,1,55,21,25,9,0,0,0),
	 (609,2,'FEMENIL',8,'2024-10-30 18:00:00','ARRIBA',32,0,0,0,0,0,0,0,0,30,1,2,50,25,25,0,0,0,1),
	 (610,2,'FEMENIL',8,'2024-10-30 19:00:00','ARRIBA',29,1,2,50,25,25,0,0,0,28,0,0,0,0,0,0,0,0,1),
	 (611,2,'FEMENIL',8,'2024-10-30 20:00:00','ARRIBA',27,0,0,37,19,18,0,0,0,33,1,2,50,25,25,0,0,0,0),
	 (612,2,'MIXTO',8,'2024-10-30 21:00:00','ARRIBA',47,1,2,50,25,25,0,0,0,48,0,0,46,23,23,0,0,0,0),
	 (613,2,'VARONIL',8,'2024-10-30 19:00:00','ABAJO',40,0,1,44,9,25,10,0,0,39,1,2,62,25,22,15,0,0,0),
	 (614,2,'MIXTO',8,'2024-10-30 20:00:00','ABAJO',57,1,2,50,25,25,0,0,0,58,0,0,22,9,13,0,0,0,0),
	 (615,2,'MIXTO',9,'2024-11-04 17:30:00','ARRIBA',54,1,2,62,22,25,15,0,0,70,0,1,46,25,15,6,0,0,0),
	 (616,2,'FEMENIL',9,'2024-11-04 18:30:00','ARRIBA',31,1,2,50,25,25,0,0,0,28,0,0,15,12,3,0,0,0,0),
	 (617,2,'MIXTO',9,'2024-11-04 19:30:00','ARRIBA',51,0,0,42,19,23,0,0,0,57,1,2,50,25,25,0,0,0,0),
	 (618,2,'MIXTO',9,'2024-11-04 20:30:00','ARRIBA',47,1,2,62,25,22,15,0,0,50,0,1,54,20,25,9,0,0,0),
	 (619,2,'MIXTO',9,'2024-11-04 17:30:00','ABAJO',51,0,0,38,19,19,0,0,0,48,1,2,50,25,25,0,0,0,0),
	 (620,2,'FEMENIL',9,'2024-11-04 18:30:00','ABAJO',27,1,2,50,25,25,0,0,0,34,0,0,36,17,19,0,0,0,0),
	 (621,2,'MIXTO',9,'2024-11-04 19:30:00','ABAJO',47,1,2,58,18,25,15,0,0,70,0,1,47,25,16,6,0,0,0),
	 (622,2,'MIXTO',9,'2024-11-05 17:30:00','ARRIBA',48,1,2,50,25,25,0,0,0,58,0,0,35,18,17,0,0,0,0),
	 (623,2,'VARONIL',9,'2024-11-05 18:30:00','ARRIBA',43,1,2,61,21,25,15,0,0,41,0,1,52,25,18,9,0,0,0),
	 (624,2,'MIXTO',9,'2024-11-05 19:30:00','ARRIBA',46,1,2,62,22,25,15,0,0,53,0,1,55,25,22,8,0,0,0),
	 (625,2,'MIXTO',9,'2024-11-05 17:30:00','ABAJO',46,1,2,50,25,25,0,0,0,49,0,0,30,11,19,0,0,0,0),
	 (626,2,'MIXTO',9,'2024-11-05 18:30:00','ABAJO',50,0,0,25,14,11,0,0,0,56,1,2,50,25,25,0,0,0,0),
	 (627,2,'VARONIL',9,'2024-11-05 19:30:00','ABAJO',37,1,2,50,25,25,0,0,0,40,0,0,39,21,18,0,0,0,0),
	 (628,2,'MIXTO',9,'2024-11-06 17:30:00','ARRIBA',52,1,2,50,25,25,0,0,0,56,0,0,31,12,19,0,0,0,0),
	 (629,2,'MIXTO',9,'2024-11-06 18:30:00','ARRIBA',52,1,2,50,25,25,0,0,0,57,0,0,38,19,19,0,0,0,0),
	 (630,2,'MIXTO',9,'2024-11-06 19:30:00','ARRIBA',52,1,2,52,25,27,0,0,0,70,0,0,47,22,25,0,0,0,0),
	 (631,2,'VARONIL',9,'2024-11-06 17:30:00','ABAJO',36,0,1,53,17,25,11,0,0,38,1,2,62,25,22,15,0,0,0),
	 (632,2,'MIXTO',9,'2024-11-06 18:30:00','ABAJO',50,0,0,28,13,15,0,0,0,70,1,2,50,25,25,0,0,0,0),
	 (633,2,'MIXTO',9,'2024-11-06 19:30:00','ABAJO',55,1,2,50,25,25,0,0,0,49,0,0,33,19,14,0,0,0,0),
	 (634,2,'FEMENIL',9,'2024-11-07 17:30:00','ABAJO',27,1,2,50,25,25,0,0,0,28,0,0,14,7,7,0,0,0,0),
	 (635,2,'MIXTO',9,'2024-11-07 18:30:00','ABAJO',54,1,2,50,25,25,0,0,0,58,0,0,37,17,20,0,0,0,0),
	 (636,2,'MIXTO',9,'2024-11-07 19:30:00','ABAJO',55,1,2,50,25,25,0,0,0,56,0,0,25,12,13,0,0,0,0),
	 (637,2,'MIXTO',9,'2024-11-08 18:00:00','ABAJO',53,1,2,58,25,18,15,0,0,58,0,1,43,7,25,11,0,0,0),
	 (642,2,'MIXTO',10,'2024-11-19 17:30:00','ARRIBA',49,0,0,30,21,9,0,0,0,70,1,2,50,25,25,0,0,0,0),
	 (643,2,'MIXTO',10,'2024-11-19 18:30:00','ARRIBA',53,0,0,22,9,13,0,0,0,70,1,2,50,25,25,0,0,0,0),
	 (645,2,'FEMENIL',10,'2024-11-19 20:30:00','ARRIBA',29,1,2,50,25,25,0,0,0,28,0,0,11,7,4,0,0,0,0),
	 (646,2,'MIXTO',10,'2024-11-19 17:30:00','ABAJO',47,1,2,50,25,25,0,0,0,50,0,0,24,11,13,0,0,0,0),
	 (647,2,'MIXTO',10,'2024-11-19 18:30:00','ABAJO',47,1,2,59,25,19,15,0,0,56,0,1,48,10,25,13,0,0,0),
	 (648,2,'MIXTO',10,'2024-11-19 19:30:00','ABAJO',50,0,0,23,10,13,0,0,0,56,1,2,50,25,25,0,0,0,0),
	 (649,2,'FEMENIL',10,'2024-11-20 17:30:00','ARRIBA',32,0,0,0,0,0,0,0,0,33,1,2,50,25,25,0,0,0,1),
	 (650,2,'MIXTO',10,'2024-11-20 18:30:00','ARRIBA',57,1,2,50,25,25,0,0,0,58,0,0,21,15,6,0,0,0,0),
	 (651,2,'MIXTO',10,'2024-11-20 20:30:00','ARRIBA',48,1,2,50,25,25,0,0,0,58,0,0,31,19,12,0,0,0,0),
	 (652,2,'VARONIL',10,'2024-11-20 17:30:00','ABAJO',36,1,2,50,25,25,0,0,0,40,0,0,34,13,21,0,0,0,0),
	 (653,2,'VARONIL',10,'2024-11-20 18:30:00','ABAJO',37,0,0,40,21,19,0,0,0,41,1,2,50,25,25,0,0,0,0),
	 (654,2,'VARONIL',10,'2024-11-20 19:30:00','ABAJO',38,0,1,52,25,20,7,0,0,41,1,2,63,23,25,15,0,0,0),
	 (655,2,'FEMENIL',10,'2024-11-21 17:30:00','ABAJO',27,1,2,50,25,25,0,0,0,34,0,0,24,12,12,0,0,0,0),
	 (656,2,'MIXTO',10,'2024-11-21 18:30:00','ABAJO',46,1,2,40,0,25,15,0,0,55,0,1,60,25,23,12,0,0,0),
	 (657,2,'VARONIL',10,'2024-11-21 19:30:00','ABAJO',39,0,0,19,9,10,0,0,0,42,1,2,50,25,25,0,0,0,0),
	 (658,2,'MIXTO',10,'2024-11-20 19:30:00','ARRIBA',48,0,0,32,12,20,0,0,0,57,1,2,50,25,25,0,0,0,0),
	 (677,2,'MIXTO',11,'2024-11-25 17:30:00','ARRIBA',46,0,1,56,25,22,9,0,0,54,1,2,56,16,25,15,0,0,0),
	 (678,2,'MIXTO',11,'2024-11-25 18:30:00','ARRIBA',54,1,2,60,20,25,15,0,0,52,0,1,57,25,21,11,0,0,0),
	 (679,2,'MIXTO',11,'2024-11-25 19:30:00','ARRIBA',51,0,0,45,24,21,0,0,0,52,1,2,51,26,25,0,0,0,0),
	 (680,2,'MIXTO',11,'2024-11-25 20:30:00','ARRIBA',51,0,0,38,16,22,0,0,0,49,1,2,50,25,25,0,0,0,0),
	 (681,2,'MIXTO',11,'2024-11-25 17:30:00','ABAJO',53,0,1,49,17,25,7,0,0,52,1,2,62,25,22,15,0,0,0),
	 (682,2,'MIXTO',11,'2024-11-25 18:30:00','ABAJO',46,1,2,50,25,25,0,0,0,51,0,0,38,17,21,0,0,0,0),
	 (683,2,'VARONIL',11,'2024-11-25 19:30:00','ABAJO',42,1,2,50,25,25,0,0,0,36,0,0,35,17,18,0,0,0,0),
	 (684,2,'FEMENIL',11,'2024-11-26 17:30:00','ARRIBA',31,0,1,49,10,29,10,0,0,29,1,2,67,25,27,15,0,0,0),
	 (685,2,'FEMENIL',11,'2024-11-26 18:30:00','ARRIBA',31,0,0,34,21,13,0,0,0,30,1,2,50,25,25,0,0,0,0),
	 (686,2,'VARONIL',11,'2024-11-26 19:30:00','ARRIBA',43,1,2,53,25,28,0,0,0,37,0,0,47,21,26,0,0,0,0),
	 (687,2,'MIXTO',11,'2024-11-26 20:30:00','ARRIBA',70,1,2,62,25,22,15,0,0,48,0,1,60,22,25,13,0,0,0),
	 (688,2,'VARONIL',11,'2024-11-26 17:30:00','ABAJO',44,1,2,50,25,25,0,0,0,38,0,0,12,0,12,0,0,0,0),
	 (689,2,'VARONIL',11,'2024-11-26 18:30:00','ABAJO',43,0,1,52,21,25,6,0,0,44,1,2,58,25,18,15,0,0,0),
	 (690,2,'MIXTO',11,'2024-11-26 19:30:00','ABAJO',70,1,2,50,25,25,0,0,0,58,0,0,17,8,9,0,0,0,0),
	 (691,2,'FEMENIL',11,'2024-11-27 17:30:00','ARRIBA',33,1,2,50,25,25,0,0,0,27,0,0,39,20,19,0,0,0,0),
	 (692,2,'FEMENIL',11,'2024-11-27 18:30:00','ARRIBA',32,1,2,50,25,25,0,0,0,34,0,0,20,9,11,0,0,0,0),
	 (693,2,'FEMENIL',11,'2024-11-27 19:30:00','ARRIBA',30,1,2,50,25,25,0,0,0,28,0,0,16,8,8,0,0,0,0),
	 (694,2,'MIXTO',11,'2024-11-27 20:30:00','ARRIBA',57,1,2,50,25,25,0,0,0,56,0,0,40,23,17,0,0,0,0),
	 (695,2,'MIXTO',11,'2024-11-27 17:30:00','ABAJO',50,1,2,50,25,25,0,0,0,58,0,0,32,16,16,0,0,0,0),
	 (696,2,'MIXTO',11,'2024-11-27 18:30:00','ABAJO',57,1,2,53,25,28,0,0,0,53,0,0,40,14,26,0,0,0,0),
	 (697,2,'MIXTO',11,'2024-11-27 19:30:00','ABAJO',56,1,2,66,25,16,25,0,0,49,0,1,65,17,25,23,0,0,0),
	 (698,2,'MIXTO',11,'2024-11-28 17:30:00','ABAJO',54,0,0,43,26,17,0,0,0,55,1,2,53,28,25,0,0,0,0),
	 (699,2,'MIXTO',11,'2024-11-28 18:30:00','ABAJO',55,0,0,34,17,17,0,0,0,48,1,2,50,25,25,0,0,0,0),
	 (700,2,'MIXTO',11,'2024-11-28 19:30:00','ABAJO',48,1,2,50,25,25,0,0,0,53,0,0,40,18,22,0,0,0,0),
	 (701,2,'MIXTO',11,'2024-11-29 19:00:00','ABAJO',53,1,2,51,25,26,0,0,0,47,0,0,24,0,24,0,0,0,0),
	 (702,2,'MIXTO',11,'2024-11-29 20:00:00','ABAJO',47,1,2,50,25,25,0,0,0,49,0,0,28,16,12,0,0,0,0),
	 (703,2,'MIXTO',12,'2024-12-02 17:30:00','ARRIBA',56,1,2,59,25,18,16,0,0,51,0,1,52,13,25,14,0,0,0),
	 (704,2,'MIXTO',12,'2024-12-02 17:30:00','ABAJO',52,1,2,65,27,23,15,0,0,55,0,1,60,25,25,10,0,0,0),
	 (705,2,'MIXTO',12,'2024-12-02 18:30:00','ARRIBA',47,1,2,50,25,25,0,0,0,51,0,0,35,15,20,0,0,0,0),
	 (706,2,'MIXTO',12,'2024-12-02 19:30:00','ARRIBA',47,0,1,60,26,27,7,0,0,55,1,2,68,24,29,15,0,0,0),
	 (707,2,'MIXTO',12,'2024-12-02 19:30:00','ABAJO',52,1,2,51,26,25,0,0,0,48,0,0,45,24,21,0,0,0,0),
	 (708,2,'FEMENIL',12,'2024-12-02 20:30:00','ARRIBA',30,1,2,50,25,25,0,0,0,27,0,0,36,13,23,0,0,0,0),
	 (709,2,'MIXTO',12,'2024-12-03 17:30:00','ARRIBA',55,1,2,50,25,25,0,0,0,70,0,0,0,0,0,0,0,0,1),
	 (710,2,'MIXTO',12,'2024-12-03 17:30:00','ABAJO',49,1,2,50,25,25,0,0,0,48,0,0,0,0,0,0,0,0,1),
	 (711,2,'MIXTO',12,'2024-12-03 18:30:00','ARRIBA',70,0,0,45,21,24,0,0,0,46,1,2,51,25,26,0,0,0,0),
	 (712,2,'VARONIL',12,'2024-12-03 18:30:00','ABAJO',39,1,2,60,25,20,15,0,0,38,0,1,55,22,25,8,0,0,0),
	 (713,2,'MIXTO',12,'2024-12-03 19:30:00','ARRIBA',70,0,1,65,25,22,18,0,0,56,1,2,63,18,25,20,0,0,0),
	 (714,2,'VARONIL',12,'2024-12-03 19:30:00','ABAJO',41,1,2,61,25,21,15,0,0,39,0,1,53,17,25,11,0,0,0),
	 (715,2,'VARONIL',12,'2024-12-03 20:30:00','ARRIBA',42,1,2,50,25,25,0,0,0,37,0,0,34,13,21,0,0,0,0),
	 (716,2,'FEMENIL',12,'2024-12-04 17:30:00','ARRIBA',32,1,2,50,25,25,0,0,0,29,0,0,46,23,23,0,0,0,0),
	 (717,2,'MIXTO',12,'2024-12-04 18:30:00','ARRIBA',49,0,0,24,10,14,0,0,0,57,1,2,50,25,25,0,0,0,0),
	 (718,2,'MIXTO',12,'2024-12-04 19:30:00','ARRIBA',50,0,0,37,21,16,0,0,0,57,1,2,50,25,25,0,0,0,0),
	 (719,2,'VARONIL',12,'2024-12-04 20:30:00','ARRIBA',41,1,2,50,25,25,0,0,0,40,0,0,34,15,19,0,0,0,0),
	 (720,2,'MIXTO',12,'2024-12-05 17:30:00','ABAJO',58,0,0,31,15,16,0,0,0,54,1,2,50,25,25,0,0,0,0),
	 (721,2,'MIXTO',12,'2024-12-05 18:30:00','ABAJO',54,1,2,50,25,25,0,0,0,53,0,0,40,17,23,0,0,0,0),
	 (722,2,'MIXTO',12,'2024-12-06 17:30:00','ABAJO',50,0,0,27,10,17,0,0,0,48,1,2,50,25,25,0,0,0,0),
	 (723,2,'MIXTO',12,'2024-12-02 18:30:00','ABAJO',46,0,0,41,17,24,0,0,0,52,1,2,51,25,26,0,0,0,0),
	 (724,2,'MIXTO',13,'2024-12-09 17:30:00','ARRIBA',55,1,2,59,25,19,15,0,0,51,0,1,44,11,25,8,0,0,0),
	 (725,2,'MIXTO',13,'2024-12-09 17:30:00','ABAJO',54,1,2,40,0,25,15,0,0,56,0,1,57,25,23,9,0,0,0),
	 (726,2,'MIXTO',13,'2024-12-09 18:30:00','ARRIBA',51,1,2,50,25,25,0,0,0,53,0,0,32,17,15,0,0,0,0),
	 (727,2,'MIXTO',13,'2024-12-09 18:30:00','ABAJO',47,0,0,36,22,14,0,0,0,54,1,2,50,25,25,0,0,0,0),
	 (728,2,'FEMENIL',13,'2024-12-09 19:30:00','ARRIBA',32,1,2,50,25,25,0,0,0,27,0,0,28,20,8,0,0,0,0),
	 (729,2,'MIXTO',13,'2024-12-09 19:30:00','ABAJO',56,1,2,50,25,25,0,0,0,58,0,0,38,15,23,0,0,0,0),
	 (730,2,'VARONIL',13,'2024-12-09 20:30:00','ARRIBA',37,1,2,62,20,27,15,0,0,38,0,1,63,25,25,13,0,0,0),
	 (731,2,'VARONIL',13,'2024-12-10 17:30:00','ARRIBA',44,0,1,40,25,15,0,0,0,41,1,2,58,18,25,15,0,0,0),
	 (732,2,'VARONIL',13,'2024-12-10 18:30:00','ARRIBA',44,0,0,0,0,0,0,0,0,39,1,2,50,25,25,0,0,0,1),
	 (733,2,'VARONIL',13,'2024-12-10 19:30:00','ARRIBA',43,0,1,47,11,25,11,0,0,36,1,2,63,25,23,15,0,0,0),
	 (734,2,'VARONIL',13,'2024-12-10 20:30:00','ARRIBA',43,1,2,50,25,25,0,0,0,40,0,0,16,0,16,0,0,0,0),
	 (735,2,'MIXTO',13,'2024-12-11 17:30:00','ARRIBA',53,1,2,50,25,25,0,0,0,50,0,0,40,21,19,0,0,0,0),
	 (736,2,'MIXTO',13,'2024-12-11 17:30:00','ABAJO',55,0,0,40,18,22,0,0,0,57,1,2,50,25,25,0,0,0,0),
	 (737,2,'FEMENIL',13,'2024-12-11 18:30:00','ARRIBA',34,0,0,0,0,0,0,0,0,28,0,0,0,0,0,0,0,0,1),
	 (738,2,'MIXTO',13,'2024-12-11 18:30:00','ABAJO',46,0,1,58,25,24,9,0,0,57,1,2,59,18,26,15,0,0,0),
	 (739,2,'FEMENIL',13,'2024-12-11 19:30:00','ARRIBA',30,0,0,29,14,15,0,0,0,29,1,2,50,25,25,0,0,0,0),
	 (740,2,'MIXTO',13,'2024-12-11 19:30:00','ABAJO',46,1,2,50,25,25,0,0,0,49,0,0,40,18,22,0,0,0,0),
	 (741,2,'FEMENIL',13,'2024-12-11 20:30:00','ARRIBA',33,0,0,43,23,20,0,0,0,30,1,2,50,25,25,0,0,0,0),
	 (742,2,'MIXTO',14,'2024-12-16 17:30:00','ARRIBA',52,1,2,50,25,25,0,0,0,50,0,0,17,0,17,0,0,0,0),
	 (744,2,'MIXTO',14,'2024-12-16 18:30:00','ARRIBA',52,1,2,50,25,25,0,0,0,56,0,0,36,15,21,0,0,0,0),
	 (745,2,'MIXTO',14,'2024-12-16 18:30:00','ABAJO',51,1,2,42,0,27,15,0,0,50,0,1,61,25,25,11,0,0,0),
	 (746,2,'VARONIL',14,'2024-12-16 19:30:00','ARRIBA',42,0,0,46,24,22,0,0,0,41,1,2,51,26,25,0,0,0,0),
	 (747,2,'MIXTO',14,'2024-12-16 19:30:00','ABAJO',52,1,2,50,25,25,0,0,0,58,0,0,21,0,21,0,0,0,0),
	 (748,2,'VARONIL',14,'2024-12-16 20:30:00','ARRIBA',42,1,2,50,25,25,0,0,0,40,0,0,18,8,10,0,0,0,0),
	 (749,2,'FEMENIL',14,'2024-12-17 17:30:00','ARRIBA',33,1,2,40,0,25,15,0,0,31,0,0,19,0,11,8,0,0,0),
	 (750,2,'FEMENIL',14,'2024-12-17 17:30:00','ABAJO',27,0,0,32,15,17,0,0,0,29,1,2,50,25,25,0,0,0,0),
	 (751,2,'MIXTO',14,'2024-12-17 18:30:00','ARRIBA',47,1,2,50,25,25,0,0,0,58,0,0,0,0,0,0,0,0,1),
	 (752,2,'MIXTO',14,'2024-12-17 18:30:00','ABAJO',57,1,2,50,25,25,0,0,0,54,0,0,22,0,22,0,0,0,0),
	 (753,2,'VARONIL',14,'2024-12-17 19:30:00','ARRIBA',38,0,0,32,20,12,0,0,0,36,1,2,50,25,25,0,0,0,0),
	 (754,2,'MIXTO',14,'2024-12-17 19:30:00','ABAJO',53,1,2,61,21,25,15,0,0,49,0,1,46,25,12,9,0,0,0),
	 (755,2,'VARONIL',14,'2024-12-17 20:30:00','ARRIBA',39,0,0,0,0,0,0,0,0,37,0,0,0,0,0,0,0,0,1),
	 (756,2,'MIXTO',14,'2024-12-18 17:30:00','ARRIBA',46,1,2,64,26,23,15,0,0,47,0,1,55,24,25,6,0,0,0),
	 (757,2,'FEMENIL',14,'2024-12-18 17:30:00','ABAJO',33,1,2,50,25,25,0,0,0,34,0,0,30,9,21,0,0,0,0),
	 (758,2,'MIXTO',14,'2024-12-18 18:30:00','ARRIBA',46,1,2,55,26,14,15,0,0,48,0,1,58,24,25,9,0,0,0),
	 (759,2,'MIXTO',14,'2024-12-18 18:30:00','ABAJO',55,0,0,0,0,0,0,0,0,49,1,2,50,25,25,0,0,0,1),
	 (760,2,'FEMENIL',14,'2024-12-18 19:30:00','ARRIBA',30,0,1,55,25,24,6,0,0,32,1,2,50,9,26,15,0,0,0),
	 (761,2,'MIXTO',15,'2025-01-07 17:30:00','ARRIBA',52,1,2,50,25,25,0,0,0,49,0,0,45,22,23,0,0,0,0),
	 (762,2,'MIXTO',15,'2025-01-07 17:30:00','ABAJO',54,1,2,50,25,25,0,0,0,50,0,0,18,5,13,0,0,0,0),
	 (763,2,'MIXTO',15,'2025-01-07 18:30:00','ARRIBA',54,1,2,50,25,25,0,0,0,51,0,0,16,0,16,0,0,0,0),
	 (764,2,'MIXTO',15,'2025-01-07 18:30:00','ABAJO',47,0,0,35,19,16,0,0,0,52,1,2,50,25,25,0,0,0,0),
	 (765,2,'VARONIL',15,'2025-01-07 19:30:00','ARRIBA',41,0,1,49,15,25,9,0,0,36,1,2,63,25,23,15,0,0,0),
	 (766,2,'MIXTO',15,'2025-01-07 19:30:00','ABAJO',51,1,2,50,25,25,0,0,0,58,0,0,0,0,0,0,0,0,1),
	 (767,2,'VARONIL',15,'2025-01-07 20:30:00','ARRIBA',37,0,0,44,22,22,0,0,0,36,1,2,50,25,25,0,0,0,0);

-- GAMES PLAYED
INSERT INTO games_played (games_played_id,player_id,game_id) VALUES
	 (4644,1,439),
	 (4667,1,475),
	 (3790,1,488),
	 (4735,1,494),
	 (2964,1,521),
	 (2949,1,524),
	 (2646,1,560),
	 (2779,1,571),
	 (2234,1,581),
	 (2403,1,586),
	 (2055,1,603),
	 (1702,1,625),
	 (1263,1,642),
	 (966,1,680),
	 (1179,1,697),
	 (1256,1,702),
	 (685,1,710),
	 (798,1,717),
	 (531,1,740),
	 (239,1,754),
	 (175,1,759),
	 (4764,1,761),
	 (4647,2,439),
	 (4670,2,475),
	 (3792,2,488),
	 (4737,2,494),
	 (1704,2,625),
	 (1867,2,633),
	 (1266,2,642),
	 (968,2,680),
	 (1182,2,697),
	 (1257,2,702),
	 (242,2,754),
	 (178,2,759),
	 (4767,2,761),
	 (4642,3,439),
	 (2965,3,521),
	 (2950,3,524),
	 (2647,3,560),
	 (2235,3,581),
	 (2404,3,586),
	 (2056,3,603),
	 (1865,3,633),
	 (1264,3,642),
	 (967,3,680),
	 (1180,3,697),
	 (532,3,740),
	 (240,3,754),
	 (176,3,759),
	 (4763,3,761),
	 (4640,4,439),
	 (4665,4,475),
	 (3788,4,488),
	 (2961,4,521),
	 (2945,4,524),
	 (2643,4,560),
	 (2776,4,571),
	 (2231,4,581),
	 (2401,4,586),
	 (2053,4,603),
	 (1701,4,625),
	 (1864,4,633),
	 (1262,4,642),
	 (963,4,680),
	 (1176,4,697),
	 (1255,4,702),
	 (682,4,710),
	 (795,4,717),
	 (528,4,740),
	 (237,4,754),
	 (173,4,759),
	 (4762,4,761),
	 (4643,5,439),
	 (2948,5,524),
	 (684,5,710),
	 (797,5,717),
	 (174,5,759),
	 (4639,6,439),
	 (4733,6,494),
	 (2944,6,524),
	 (2642,6,560),
	 (2775,6,571),
	 (2052,6,603),
	 (1700,6,625),
	 (1863,6,633),
	 (1261,6,642),
	 (1175,6,697),
	 (1254,6,702),
	 (681,6,710),
	 (527,6,740),
	 (172,6,759),
	 (4761,6,761),
	 (4648,7,439),
	 (3793,7,488),
	 (4738,7,494),
	 (2967,7,521),
	 (2952,7,524),
	 (2649,7,560),
	 (2781,7,571),
	 (1705,7,625),
	 (1868,7,633),
	 (1258,7,702),
	 (179,7,759),
	 (4646,8,439),
	 (4669,8,475),
	 (3791,8,488),
	 (4736,8,494),
	 (2966,8,521),
	 (2951,8,524),
	 (2648,8,560),
	 (2780,8,571),
	 (2236,8,581),
	 (2405,8,586),
	 (2057,8,603),
	 (1703,8,625),
	 (1866,8,633),
	 (1265,8,642),
	 (1181,8,697),
	 (686,8,710),
	 (799,8,717),
	 (533,8,740),
	 (241,8,754),
	 (177,8,759),
	 (4766,8,761),
	 (4638,9,439),
	 (4664,9,475),
	 (3787,9,488),
	 (2641,9,560),
	 (2774,9,571),
	 (2400,9,586),
	 (2051,9,603),
	 (1260,9,642),
	 (171,9,759),
	 (1270,10,642),
	 (1298,10,643),
	 (3020,11,526),
	 (2759,11,567),
	 (2671,11,568),
	 (2737,11,570),
	 (2023,11,602),
	 (2066,11,607),
	 (1636,11,621),
	 (1267,11,642),
	 (1295,11,643),
	 (1072,11,687),
	 (1058,11,690),
	 (704,11,711),
	 (732,11,713),
	 (3021,12,526),
	 (3029,12,527),
	 (2760,12,567),
	 (2672,12,568),
	 (2738,12,570),
	 (2407,12,586),
	 (2024,12,602),
	 (2067,12,607),
	 (1534,12,615),
	 (1853,12,630),
	 (1841,12,632),
	 (1268,12,642),
	 (1296,12,643),
	 (1073,12,687),
	 (1059,12,690),
	 (705,12,711),
	 (733,12,713),
	 (3026,13,526),
	 (3033,13,527),
	 (2765,13,567),
	 (2677,13,568),
	 (2743,13,570),
	 (2412,13,586),
	 (1857,13,630),
	 (1845,13,632),
	 (1272,13,642),
	 (1300,13,643),
	 (1076,13,687),
	 (1062,13,690),
	 (708,13,711),
	 (737,13,713),
	 (3019,14,526),
	 (3028,14,527),
	 (2758,14,567),
	 (2670,14,568),
	 (2724,14,569),
	 (2736,14,570),
	 (2406,14,586),
	 (2022,14,602),
	 (2065,14,607),
	 (1533,14,615),
	 (1635,14,621),
	 (1852,14,630),
	 (1840,14,632),
	 (1071,14,687),
	 (1057,14,690),
	 (3025,15,526),
	 (3032,15,527),
	 (2764,15,567),
	 (2676,15,568),
	 (2729,15,569),
	 (2742,15,570),
	 (2411,15,586),
	 (1538,15,615),
	 (1856,15,630),
	 (1844,15,632),
	 (1271,15,642),
	 (1299,15,643),
	 (1075,15,687),
	 (1061,15,690),
	 (707,15,711),
	 (736,15,713),
	 (2761,16,567),
	 (2673,16,568),
	 (2725,16,569),
	 (2739,16,570),
	 (2408,16,586),
	 (1535,16,615),
	 (1854,16,630),
	 (1842,16,632),
	 (1269,16,642),
	 (1297,16,643),
	 (734,16,713),
	 (4687,17,463),
	 (3658,17,479),
	 (3586,17,480),
	 (2651,17,560),
	 (2262,17,582),
	 (2294,17,583),
	 (2198,17,612),
	 (1640,17,618),
	 (1274,17,646),
	 (1302,17,647),
	 (1240,17,701),
	 (1246,17,702),
	 (584,17,705),
	 (319,17,727),
	 (245,17,751),
	 (3659,18,479),
	 (3587,18,480),
	 (3340,18,509),
	 (3109,18,531),
	 (2652,18,560),
	 (2626,18,563),
	 (2263,18,582),
	 (2295,18,583),
	 (1641,18,618),
	 (1628,18,621),
	 (1275,18,646),
	 (1303,18,647),
	 (1241,18,701),
	 (1247,18,702),
	 (585,18,705),
	 (612,18,706),
	 (320,18,727),
	 (246,18,751),
	 (166,18,756),
	 (4796,18,764),
	 (4691,19,463),
	 (3114,19,531),
	 (2655,19,560),
	 (2631,19,563),
	 (2268,19,582),
	 (2299,19,583),
	 (2501,19,594),
	 (2203,19,612),
	 (1645,19,618),
	 (1632,19,621),
	 (1279,19,646),
	 (1306,19,647),
	 (1251,19,702),
	 (589,19,705),
	 (617,19,706),
	 (324,19,727),
	 (250,19,751),
	 (168,19,756),
	 (4800,19,764),
	 (4689,20,463),
	 (3662,20,479),
	 (3343,20,509),
	 (3112,20,531),
	 (2629,20,563),
	 (2266,20,582),
	 (2297,20,583),
	 (2499,20,594),
	 (2201,20,612),
	 (1278,20,646),
	 (1243,20,701),
	 (1249,20,702),
	 (588,20,705),
	 (615,20,706),
	 (322,20,727),
	 (249,20,751),
	 (4798,20,764),
	 (3661,21,479),
	 (3589,21,480),
	 (3342,21,509),
	 (3111,21,531),
	 (2628,21,563),
	 (2265,21,582),
	 (2498,21,594),
	 (2200,21,612),
	 (1643,21,618),
	 (1630,21,621),
	 (1277,21,646),
	 (1305,21,647),
	 (587,21,705),
	 (614,21,706),
	 (248,21,751),
	 (4797,21,764),
	 (4685,22,463),
	 (3657,22,479),
	 (3585,22,480),
	 (3339,22,509),
	 (3108,22,531),
	 (2650,22,560),
	 (2260,22,582),
	 (2293,22,583),
	 (2496,22,594),
	 (2197,22,612),
	 (1639,22,618),
	 (1627,22,621),
	 (1273,22,646),
	 (1301,22,647),
	 (582,22,705),
	 (317,22,727),
	 (243,22,751),
	 (4794,22,764),
	 (4688,23,463),
	 (3660,23,479),
	 (3588,23,480),
	 (3341,23,509),
	 (3110,23,531),
	 (2653,23,560),
	 (2627,23,563),
	 (2264,23,582),
	 (2296,23,583),
	 (2497,23,594),
	 (2199,23,612),
	 (1642,23,618),
	 (1629,23,621),
	 (1276,23,646),
	 (1304,23,647),
	 (1242,23,701),
	 (1248,23,702),
	 (586,23,705),
	 (613,23,706),
	 (321,23,727),
	 (247,23,751),
	 (167,23,756),
	 (4693,24,463),
	 (3664,24,479),
	 (3591,24,480),
	 (3346,24,509),
	 (3115,24,531),
	 (2657,24,560),
	 (2633,24,563),
	 (2269,24,582),
	 (2502,24,594),
	 (2204,24,612),
	 (1647,24,618),
	 (1634,24,621),
	 (1308,24,647),
	 (590,24,705),
	 (618,24,706),
	 (252,24,751),
	 (170,24,756),
	 (4802,24,764),
	 (4692,25,463),
	 (3663,25,479),
	 (3590,25,480),
	 (3345,25,509),
	 (2656,25,560),
	 (2632,25,563),
	 (2300,25,583),
	 (1646,25,618),
	 (1633,25,621),
	 (1280,25,646),
	 (1307,25,647),
	 (1252,25,702),
	 (325,25,727),
	 (251,25,751),
	 (169,25,756),
	 (4801,25,764),
	 (3575,26,477),
	 (3857,26,490),
	 (3904,26,491),
	 (2960,26,524),
	 (3162,26,535),
	 (2603,26,559),
	 (2802,26,572),
	 (2440,26,591),
	 (1734,26,626),
	 (1286,26,646),
	 (1323,26,648),
	 (463,26,735),
	 (33,26,742),
	 (63,26,745),
	 (4781,26,762),
	 (4132,27,472),
	 (3573,27,477),
	 (3856,27,490),
	 (3903,27,491),
	 (2958,27,524),
	 (3160,27,535),
	 (2602,27,559),
	 (2800,27,572),
	 (1947,27,599),
	 (1652,27,618),
	 (1733,27,626),
	 (1839,27,632),
	 (1285,27,646),
	 (1321,27,648),
	 (1100,27,695),
	 (813,27,718),
	 (858,27,722),
	 (461,27,735),
	 (32,27,742),
	 (62,27,745),
	 (4779,27,762),
	 (4129,28,472),
	 (3854,28,490),
	 (3901,28,491),
	 (2956,28,524),
	 (3156,28,535),
	 (2598,28,559),
	 (2796,28,572),
	 (2436,28,591),
	 (1945,28,599),
	 (1649,28,618),
	 (1729,28,626),
	 (1836,28,632),
	 (1283,28,646),
	 (1318,28,648),
	 (1099,28,695),
	 (810,28,718),
	 (856,28,722),
	 (458,28,735),
	 (30,28,742),
	 (60,28,745),
	 (4776,28,762),
	 (4126,29,472),
	 (3568,29,477),
	 (3853,29,490),
	 (3899,29,491),
	 (2954,29,524),
	 (3154,29,535),
	 (2596,29,559),
	 (2794,29,572),
	 (1648,29,618),
	 (1834,29,632),
	 (1281,29,646),
	 (1097,29,695),
	 (808,29,718),
	 (854,29,722),
	 (28,29,742),
	 (58,29,745),
	 (4774,29,762),
	 (4130,30,472),
	 (3571,30,477),
	 (3157,30,535),
	 (2599,30,559),
	 (2797,30,572),
	 (1730,30,626),
	 (1284,30,646),
	 (1319,30,648),
	 (459,30,735),
	 (31,30,742),
	 (61,30,745),
	 (4777,30,762),
	 (4128,31,472),
	 (3570,31,477),
	 (3900,31,491),
	 (2955,31,524),
	 (3155,31,535),
	 (2597,31,559),
	 (2795,31,572),
	 (2435,31,591),
	 (1944,31,599),
	 (1835,31,632),
	 (1282,31,646),
	 (1317,31,648),
	 (1098,31,695),
	 (809,31,718),
	 (855,31,722),
	 (457,31,735),
	 (29,31,742),
	 (59,31,745),
	 (4775,31,762),
	 (4661,32,439),
	 (4707,32,474),
	 (3785,32,485),
	 (3379,32,510),
	 (2915,32,520),
	 (3153,32,535),
	 (2639,32,563),
	 (2320,32,580),
	 (2433,32,587),
	 (2041,32,606),
	 (2096,32,608),
	 (1755,32,624),
	 (1913,32,637),
	 (1293,32,643),
	 (890,32,681),
	 (1138,32,696),
	 (1232,32,700),
	 (1238,32,701),
	 (853,32,721),
	 (308,32,726),
	 (235,32,754),
	 (4659,33,439),
	 (3378,33,510),
	 (2913,33,520),
	 (3152,33,535),
	 (2318,33,580),
	 (2431,33,587),
	 (2039,33,606),
	 (2094,33,608),
	 (1753,33,624),
	 (1912,33,637),
	 (1292,33,643),
	 (1137,33,696),
	 (307,33,726),
	 (234,33,754),
	 (4653,34,439),
	 (1288,34,643),
	 (886,34,681),
	 (1134,34,696),
	 (1228,34,700),
	 (1234,34,701),
	 (850,34,721),
	 (302,34,726),
	 (453,34,735),
	 (229,34,754),
	 (4662,35,439),
	 (4708,35,474),
	 (3786,35,485),
	 (3380,35,510),
	 (2916,35,520),
	 (2640,35,563),
	 (2434,35,587),
	 (2042,35,606),
	 (2097,35,608),
	 (1294,35,643),
	 (4652,36,439),
	 (4701,36,474),
	 (3779,36,485),
	 (3375,36,510),
	 (2908,36,520),
	 (3147,36,535),
	 (2634,36,563),
	 (2314,36,580),
	 (2428,36,587),
	 (2035,36,606),
	 (2090,36,608),
	 (1748,36,624),
	 (1908,36,637),
	 (1287,36,643),
	 (885,36,681),
	 (1133,36,696),
	 (1227,36,700),
	 (1233,36,701),
	 (849,36,721),
	 (301,36,726),
	 (452,36,735),
	 (228,36,754),
	 (4655,37,439),
	 (1750,37,624),
	 (1910,37,637),
	 (1290,37,643),
	 (888,37,681),
	 (1136,37,696),
	 (1230,37,700),
	 (1236,37,701),
	 (304,37,726),
	 (455,37,735),
	 (231,37,754),
	 (4654,38,439),
	 (4702,38,474),
	 (3780,38,485),
	 (3376,38,510),
	 (2909,38,520),
	 (3148,38,535),
	 (2635,38,563),
	 (2315,38,580),
	 (2429,38,587),
	 (2036,38,606),
	 (2091,38,608),
	 (1749,38,624),
	 (1909,38,637),
	 (1289,38,643),
	 (887,38,681),
	 (1135,38,696),
	 (1229,38,700),
	 (1235,38,701),
	 (851,38,721),
	 (303,38,726),
	 (454,38,735),
	 (230,38,754),
	 (4656,39,439),
	 (4703,39,474),
	 (3781,39,485),
	 (3377,39,510),
	 (2910,39,520),
	 (3149,39,535),
	 (2636,39,563),
	 (2316,39,580),
	 (2037,39,606),
	 (2092,39,608),
	 (1751,39,624),
	 (1911,39,637),
	 (1291,39,643),
	 (889,39,681),
	 (1231,39,700),
	 (1237,39,701),
	 (852,39,721),
	 (305,39,726),
	 (456,39,735),
	 (232,39,754),
	 (4258,40,433),
	 (3794,40,488),
	 (4747,40,500),
	 (3479,40,512),
	 (3449,40,514),
	 (4622,40,529),
	 (2307,40,580),
	 (1975,40,600),
	 (1735,40,626),
	 (1775,40,628),
	 (1901,40,636),
	 (1309,40,647),
	 (1324,40,648),
	 (1191,40,694),
	 (1167,40,697),
	 (552,40,703),
	 (738,40,713),
	 (285,40,725),
	 (346,40,729),
	 (40,40,744),
	 (4264,41,433),
	 (3797,41,488),
	 (4752,41,500),
	 (3483,41,512),
	 (3453,41,514),
	 (4624,41,529),
	 (2753,41,567),
	 (2310,41,580),
	 (1978,41,600),
	 (1737,41,626),
	 (1311,41,647),
	 (1326,41,648),
	 (1193,41,694),
	 (1170,41,697),
	 (742,41,713),
	 (289,41,725),
	 (349,41,729),
	 (42,41,744),
	 (4265,42,433),
	 (4625,42,529),
	 (2754,42,567),
	 (2311,42,580),
	 (1979,42,600),
	 (1738,42,626),
	 (1778,42,628),
	 (1903,42,636),
	 (1312,42,647),
	 (1327,42,648),
	 (1194,42,694),
	 (1171,42,697),
	 (555,42,703),
	 (743,42,713),
	 (290,42,725),
	 (350,42,729),
	 (43,42,744),
	 (4266,43,433),
	 (3798,43,488),
	 (4753,43,500),
	 (3454,43,514),
	 (4626,43,529),
	 (2755,43,567),
	 (2312,43,580),
	 (1980,43,600),
	 (1739,43,626),
	 (1904,43,636),
	 (1313,43,647),
	 (1328,43,648),
	 (1195,43,694),
	 (1172,43,697),
	 (291,43,725),
	 (351,43,729),
	 (4269,44,433),
	 (4754,44,500),
	 (3484,44,512),
	 (3456,44,514),
	 (1781,44,628),
	 (1907,44,636),
	 (1316,44,647),
	 (558,44,703),
	 (4262,45,433),
	 (3796,45,488),
	 (4750,45,500),
	 (4623,45,529),
	 (2752,45,567),
	 (2309,45,580),
	 (1977,45,600),
	 (1777,45,628),
	 (1310,45,647),
	 (1325,45,648),
	 (554,45,703),
	 (740,45,713),
	 (287,45,725),
	 (4268,46,433),
	 (3455,46,514),
	 (4627,46,529),
	 (2313,46,580),
	 (1981,46,600),
	 (1740,46,626),
	 (1780,46,628),
	 (1906,46,636),
	 (1315,46,647),
	 (1330,46,648),
	 (1197,46,694),
	 (1174,46,697),
	 (557,46,703),
	 (745,46,713),
	 (293,46,725),
	 (353,46,729),
	 (45,46,744),
	 (4267,47,433),
	 (1779,47,628),
	 (1905,47,636),
	 (1314,47,647),
	 (1329,47,648),
	 (1196,47,694),
	 (1173,47,697),
	 (556,47,703),
	 (744,47,713),
	 (292,47,725),
	 (352,47,729),
	 (44,47,744),
	 (4131,48,472),
	 (3572,48,477),
	 (3855,48,490),
	 (3902,48,491),
	 (2957,48,524),
	 (3158,48,535),
	 (2600,48,559),
	 (2798,48,572),
	 (2437,48,591),
	 (1946,48,599),
	 (1650,48,618),
	 (1731,48,626),
	 (1837,48,632),
	 (1320,48,648),
	 (811,48,718),
	 (857,48,722),
	 (460,48,735),
	 (4778,48,762),
	 (4133,49,472),
	 (3574,49,477),
	 (2959,49,524),
	 (3161,49,535),
	 (2801,49,572),
	 (2439,49,591),
	 (1948,49,599),
	 (1653,49,618),
	 (1322,49,648),
	 (1101,49,695),
	 (814,49,718),
	 (462,49,735),
	 (4780,49,762),
	 (4182,50,429),
	 (3531,50,517),
	 (3137,50,534),
	 (2495,50,593),
	 (1571,50,616),
	 (1882,50,634),
	 (1341,50,645),
	 (1159,50,693),
	 (4177,51,429),
	 (3525,51,517),
	 (3132,51,534),
	 (2489,51,593),
	 (1567,51,616),
	 (1879,51,634),
	 (1338,51,645),
	 (1155,51,693),
	 (4179,52,429),
	 (3527,52,517),
	 (2491,52,593),
	 (1569,52,616),
	 (1880,52,634),
	 (1339,52,645),
	 (1156,52,693),
	 (4183,53,429),
	 (3138,53,534),
	 (1342,53,645),
	 (4176,54,429),
	 (3131,54,534),
	 (1878,54,634),
	 (1337,54,645),
	 (3529,55,517),
	 (3135,55,534),
	 (2493,55,593),
	 (1881,55,634),
	 (1340,55,645),
	 (1158,55,693),
	 (3652,56,479),
	 (2845,56,518),
	 (2872,56,519),
	 (2220,56,577),
	 (2255,56,578),
	 (2278,56,579),
	 (2045,56,603),
	 (2030,56,606),
	 (1770,56,628),
	 (1800,56,629),
	 (1848,56,630),
	 (907,56,678),
	 (937,56,679),
	 (892,56,681),
	 (574,56,704),
	 (634,56,707),
	 (606,56,723),
	 (24,56,742),
	 (36,56,744),
	 (79,56,747),
	 (4805,56,764),
	 (3564,57,477),
	 (3654,57,479),
	 (2849,57,518),
	 (2876,57,519),
	 (2223,57,577),
	 (2257,57,578),
	 (2281,57,579),
	 (2047,57,603),
	 (2074,57,604),
	 (2032,57,606),
	 (1772,57,628),
	 (1802,57,629),
	 (909,57,678),
	 (940,57,679),
	 (895,57,681),
	 (576,57,704),
	 (636,57,707),
	 (608,57,723),
	 (27,57,742),
	 (39,57,744),
	 (82,57,747),
	 (4758,57,761),
	 (4807,57,764),
	 (3561,58,477),
	 (3650,58,479),
	 (2843,58,518),
	 (2870,58,519),
	 (2218,58,577),
	 (2253,58,578),
	 (2276,58,579),
	 (2043,58,603),
	 (2071,58,604),
	 (2028,58,606),
	 (1768,58,628),
	 (1798,58,629),
	 (1846,58,630),
	 (905,58,678),
	 (935,58,679),
	 (891,58,681),
	 (572,58,704),
	 (632,58,707),
	 (605,58,723),
	 (22,58,742),
	 (34,58,744),
	 (77,58,747),
	 (4755,58,761),
	 (4803,58,764),
	 (3562,59,477),
	 (3651,59,479),
	 (2844,59,518),
	 (2871,59,519),
	 (2219,59,577),
	 (2254,59,578),
	 (2277,59,579),
	 (2044,59,603),
	 (2072,59,604),
	 (2029,59,606),
	 (1769,59,628),
	 (1799,59,629),
	 (1847,59,630),
	 (906,59,678),
	 (936,59,679),
	 (573,59,704),
	 (633,59,707),
	 (23,59,742),
	 (35,59,744),
	 (78,59,747),
	 (4756,59,761),
	 (4804,59,764),
	 (3563,60,477),
	 (3653,60,479),
	 (2847,60,518),
	 (2874,60,519),
	 (2222,60,577),
	 (2256,60,578),
	 (2279,60,579),
	 (2046,60,603),
	 (2073,60,604),
	 (2031,60,606),
	 (1771,60,628),
	 (1801,60,629),
	 (1849,60,630),
	 (908,60,678),
	 (938,60,679),
	 (893,60,681),
	 (635,60,707),
	 (607,60,723),
	 (26,60,742),
	 (38,60,744),
	 (81,60,747),
	 (4757,60,761),
	 (4806,60,764),
	 (2846,61,518),
	 (2873,61,519),
	 (2221,61,577),
	 (575,61,704),
	 (25,61,742),
	 (37,61,744),
	 (80,61,747),
	 (4261,62,433),
	 (3795,62,488),
	 (4749,62,500),
	 (3482,62,512),
	 (3452,62,514),
	 (1736,62,626),
	 (1776,62,628),
	 (1902,62,636),
	 (1192,62,694),
	 (1169,62,697),
	 (553,62,703),
	 (739,62,713),
	 (286,62,725),
	 (347,62,729),
	 (41,62,744),
	 (4270,63,433),
	 (4628,63,529),
	 (2756,63,567),
	 (559,63,703),
	 (746,63,713),
	 (294,63,725),
	 (354,63,729),
	 (46,63,744),
	 (4679,64,463),
	 (4694,64,474),
	 (4709,64,493),
	 (4726,64,494),
	 (4741,64,500),
	 (2863,64,519),
	 (2857,64,522),
	 (2530,64,561),
	 (2730,64,569),
	 (1938,64,599),
	 (2008,64,601),
	 (1613,64,617),
	 (1540,64,619),
	 (930,64,679),
	 (960,64,680),
	 (926,64,682),
	 (561,64,703),
	 (592,64,705),
	 (273,64,724),
	 (296,64,726),
	 (54,64,745),
	 (4789,64,763),
	 (4851,64,766),
	 (4682,65,463),
	 (4698,65,474),
	 (4712,65,493),
	 (4730,65,494),
	 (2867,65,519),
	 (2534,65,561),
	 (2733,65,569),
	 (1941,65,599),
	 (2011,65,601),
	 (1617,65,617),
	 (564,65,703),
	 (595,65,705),
	 (277,65,724),
	 (57,65,745),
	 (4793,65,763),
	 (4855,65,766),
	 (4681,66,463),
	 (4697,66,474),
	 (4728,66,494),
	 (4743,66,500),
	 (2866,66,519),
	 (2860,66,522),
	 (2533,66,561),
	 (2732,66,569),
	 (1940,66,599),
	 (2010,66,601),
	 (1615,66,617),
	 (562,66,703),
	 (593,66,705),
	 (275,66,724),
	 (56,66,745),
	 (4791,66,763),
	 (4853,66,766),
	 (2856,67,522),
	 (2529,67,561),
	 (1612,67,617),
	 (1539,67,619),
	 (560,67,703),
	 (591,67,705),
	 (272,67,724),
	 (295,67,726),
	 (53,67,745),
	 (4788,67,763),
	 (4850,67,766),
	 (4680,68,463),
	 (4696,68,474),
	 (4710,68,493),
	 (4727,68,494),
	 (4742,68,500),
	 (2865,68,519),
	 (2859,68,522),
	 (2532,68,561),
	 (1939,68,599),
	 (2009,68,601),
	 (1614,68,617),
	 (1542,68,619),
	 (932,68,679),
	 (928,68,682),
	 (274,68,724),
	 (297,68,726),
	 (55,68,745),
	 (4790,68,763),
	 (4852,68,766),
	 (4500,69,432),
	 (4477,69,469),
	 (4523,69,486),
	 (4535,69,487),
	 (4553,69,511),
	 (3048,69,528),
	 (2721,69,566),
	 (1936,69,596),
	 (1513,69,657),
	 (951,69,683),
	 (767,69,715),
	 (69,69,746),
	 (92,69,748),
	 (4495,70,432),
	 (4474,70,469),
	 (4520,70,486),
	 (4532,70,487),
	 (4550,70,511),
	 (3044,70,528),
	 (2718,70,566),
	 (947,70,683),
	 (764,70,715),
	 (65,70,746),
	 (4498,71,432),
	 (4475,71,469),
	 (4521,71,486),
	 (4533,71,487),
	 (4552,71,511),
	 (3047,71,528),
	 (2720,71,566),
	 (1935,71,596),
	 (1512,71,657),
	 (950,71,683),
	 (766,71,715),
	 (68,71,746),
	 (91,71,748),
	 (4497,72,432),
	 (3046,72,528),
	 (1511,72,657),
	 (949,72,683),
	 (765,72,715),
	 (67,72,746),
	 (90,72,748),
	 (4496,73,432),
	 (4551,73,511),
	 (3045,73,528),
	 (2719,73,566),
	 (1934,73,596),
	 (1510,73,657),
	 (948,73,683),
	 (66,73,746),
	 (89,73,748),
	 (4501,74,432),
	 (4478,74,469),
	 (4554,74,511),
	 (3049,74,528),
	 (2722,74,566),
	 (1937,74,596),
	 (1514,74,657),
	 (768,74,715),
	 (70,74,746),
	 (93,74,748),
	 (4492,75,432),
	 (1507,75,657),
	 (944,75,683),
	 (762,75,715),
	 (64,75,746),
	 (88,75,748),
	 (4314,76,436),
	 (3921,76,459),
	 (4429,76,481),
	 (3318,76,506),
	 (2823,76,573),
	 (4934,76,590),
	 (1723,76,623),
	 (1399,76,653),
	 (1426,76,654),
	 (747,76,714),
	 (822,76,719),
	 (381,76,731),
	 (71,76,746),
	 (4827,76,765),
	 (4322,77,436),
	 (3928,77,459),
	 (4436,77,481),
	 (4940,77,590),
	 (1727,77,623),
	 (1405,77,653),
	 (1432,77,654),
	 (751,77,714),
	 (826,77,719),
	 (75,77,746),
	 (4832,77,765),
	 (4323,78,436),
	 (3929,78,459),
	 (4437,78,481),
	 (3325,78,506),
	 (2827,78,573),
	 (4941,78,590),
	 (1728,78,623),
	 (752,78,714),
	 (387,78,731),
	 (76,78,746),
	 (4833,78,765),
	 (4315,79,436),
	 (3922,79,459),
	 (4430,79,481),
	 (3319,79,506),
	 (2824,79,573),
	 (4935,79,590),
	 (1724,79,623),
	 (1400,79,653),
	 (1427,79,654),
	 (748,79,714),
	 (823,79,719),
	 (382,79,731),
	 (72,79,746),
	 (4828,79,765),
	 (4321,80,436),
	 (3927,80,459),
	 (4435,80,481),
	 (3324,80,506),
	 (4939,80,590),
	 (386,80,731),
	 (74,80,746),
	 (4830,80,765),
	 (4318,81,436),
	 (3925,81,459),
	 (3322,81,506),
	 (4937,81,590),
	 (1404,81,653),
	 (1431,81,654),
	 (750,81,714),
	 (825,81,719),
	 (385,81,731),
	 (73,81,746),
	 (4829,81,765),
	 (4676,82,475),
	 (4723,82,493),
	 (4585,82,515),
	 (4634,82,529),
	 (2019,82,602),
	 (2081,82,604),
	 (2187,82,614),
	 (1678,82,622),
	 (1917,82,637),
	 (1376,82,650),
	 (1443,82,651),
	 (1068,82,690),
	 (1106,82,695),
	 (836,82,720),
	 (359,82,729),
	 (85,82,747),
	 (4678,83,475),
	 (4725,83,493),
	 (4587,83,515),
	 (4636,83,529),
	 (3177,83,536),
	 (2306,83,583),
	 (2021,83,602),
	 (2083,83,604),
	 (1680,83,622),
	 (1894,83,635),
	 (1919,83,637),
	 (1378,83,650),
	 (1445,83,651),
	 (1070,83,690),
	 (837,83,720),
	 (87,83,747),
	 (4675,84,475),
	 (4722,84,493),
	 (4584,84,515),
	 (1892,84,635),
	 (84,84,747),
	 (4677,85,475),
	 (4724,85,493),
	 (4586,85,515),
	 (4635,85,529),
	 (3176,85,536),
	 (2809,85,572),
	 (2305,85,583),
	 (2020,85,602),
	 (2082,85,604),
	 (2188,85,614),
	 (1679,85,622),
	 (1893,85,635),
	 (1918,85,637),
	 (1377,85,650),
	 (1444,85,651),
	 (1069,85,690),
	 (1107,85,695),
	 (360,85,729),
	 (86,85,747),
	 (4719,86,493),
	 (4581,86,515),
	 (4632,86,529),
	 (3173,86,536),
	 (2806,86,572),
	 (2018,86,602),
	 (2080,86,604),
	 (1675,86,622),
	 (1891,86,635),
	 (1916,86,637),
	 (1375,86,650),
	 (1067,86,690),
	 (1105,86,695),
	 (357,86,729),
	 (83,86,747),
	 (4528,87,486),
	 (3228,87,498),
	 (1767,87,627),
	 (4910,87,652),
	 (443,87,734),
	 (99,87,748),
	 (4035,89,468),
	 (4526,89,486),
	 (2881,89,523),
	 (2347,89,588),
	 (2147,89,613),
	 (1763,89,627),
	 (4906,89,652),
	 (829,89,719),
	 (440,89,734),
	 (95,89,748),
	 (2884,90,523),
	 (2349,90,588),
	 (2151,90,613),
	 (1766,90,627),
	 (4909,90,652),
	 (442,90,734),
	 (98,90,748),
	 (4524,91,486),
	 (3224,91,498),
	 (2880,91,523),
	 (2345,91,588),
	 (2146,91,613),
	 (827,91,719),
	 (94,91,748),
	 (441,92,734),
	 (97,92,748),
	 (4037,93,468),
	 (3226,93,498),
	 (831,93,719),
	 (96,93,748),
	 (4331,94,435),
	 (4055,94,466),
	 (3191,94,501),
	 (2341,94,584),
	 (1564,94,616),
	 (972,94,684),
	 (1009,94,685),
	 (107,94,749),
	 (4324,95,435),
	 (3188,95,501),
	 (2982,95,576),
	 (2338,95,584),
	 (2364,95,585),
	 (969,95,684),
	 (1006,95,685),
	 (105,95,749),
	 (4332,96,435),
	 (2986,96,576),
	 (2342,96,584),
	 (2367,96,585),
	 (1565,96,616),
	 (973,96,684),
	 (1010,96,685),
	 (108,96,749),
	 (4333,97,435),
	 (4056,97,466),
	 (3192,97,501),
	 (2987,97,576),
	 (2343,97,584),
	 (2368,97,585),
	 (1011,97,685),
	 (109,97,749),
	 (4327,98,435),
	 (106,98,749),
	 (4175,99,429),
	 (4090,99,470),
	 (3837,99,492),
	 (3107,99,533),
	 (2788,99,574),
	 (2363,99,585),
	 (2175,99,611),
	 (1348,99,649),
	 (1089,99,691),
	 (544,99,741),
	 (104,99,749),
	 (184,99,757),
	 (542,100,741),
	 (102,100,749),
	 (182,100,757),
	 (4169,101,429),
	 (4086,101,470),
	 (3832,101,492),
	 (3103,101,533),
	 (2783,101,574),
	 (2358,101,585),
	 (2170,101,611),
	 (1344,101,649),
	 (1085,101,691),
	 (540,101,741),
	 (101,101,749),
	 (181,101,757),
	 (4168,102,429),
	 (4085,102,470),
	 (3831,102,492),
	 (3102,102,533),
	 (2782,102,574),
	 (2169,102,611),
	 (1343,102,649),
	 (1084,102,691),
	 (539,102,741),
	 (100,102,749),
	 (180,102,757),
	 (4173,103,429),
	 (4088,103,470),
	 (3835,103,492),
	 (3105,103,533),
	 (2786,103,574),
	 (2361,103,585),
	 (2173,103,611),
	 (1346,103,649),
	 (1087,103,691),
	 (103,103,749),
	 (183,103,757),
	 (4313,104,434),
	 (3816,104,489),
	 (3540,104,517),
	 (3146,104,532),
	 (2337,104,584),
	 (2168,104,611),
	 (1469,104,655),
	 (1096,104,691),
	 (665,104,708),
	 (121,104,750),
	 (4312,105,434),
	 (3815,105,489),
	 (3539,105,517),
	 (3145,105,532),
	 (2336,105,584),
	 (2167,105,611),
	 (1877,105,634),
	 (1468,105,655),
	 (664,105,708),
	 (345,105,728),
	 (4304,106,434),
	 (2329,106,584),
	 (1597,106,620),
	 (1870,106,634),
	 (1461,106,655),
	 (1091,106,691),
	 (659,106,708),
	 (339,106,728),
	 (115,106,750),
	 (4306,107,434),
	 (3809,107,489),
	 (3534,107,517),
	 (3141,107,532),
	 (2331,107,584),
	 (2162,107,611),
	 (1599,107,620),
	 (1872,107,634),
	 (1463,107,655),
	 (1093,107,691),
	 (661,107,708),
	 (341,107,728),
	 (117,107,750),
	 (4310,108,434),
	 (3813,108,489),
	 (3144,108,532),
	 (2334,108,584),
	 (2166,108,611),
	 (1603,108,620),
	 (1875,108,634),
	 (1467,108,655),
	 (344,108,728),
	 (120,108,750),
	 (4303,109,434),
	 (3807,109,489),
	 (3532,109,517),
	 (3139,109,532),
	 (2328,109,584),
	 (2160,109,611),
	 (1596,109,620),
	 (1090,109,691),
	 (658,109,708),
	 (4308,110,434),
	 (3811,110,489),
	 (3536,110,517),
	 (3143,110,532),
	 (2332,110,584),
	 (2164,110,611),
	 (1601,110,620),
	 (1465,110,655),
	 (343,110,728),
	 (118,110,750),
	 (4311,111,434),
	 (3814,111,489),
	 (3538,111,517),
	 (2335,111,584),
	 (1604,111,620),
	 (1876,111,634),
	 (663,111,708),
	 (4307,112,434),
	 (3810,112,489),
	 (3535,112,517),
	 (3142,112,532),
	 (2163,112,611),
	 (1600,112,620),
	 (1873,112,634),
	 (1464,112,655),
	 (1094,112,691),
	 (662,112,708),
	 (342,112,728),
	 (4342,113,435),
	 (3616,113,478),
	 (2132,113,610),
	 (1335,113,645),
	 (976,113,684),
	 (786,113,716),
	 (504,113,739),
	 (126,113,750),
	 (4345,114,435),
	 (3618,114,478),
	 (2472,114,592),
	 (978,114,684),
	 (4338,115,435),
	 (3614,115,478),
	 (2584,115,562),
	 (2470,115,592),
	 (2131,115,610),
	 (1333,115,645),
	 (975,115,684),
	 (784,115,716),
	 (501,115,739),
	 (123,115,750),
	 (4344,116,435),
	 (2587,116,562),
	 (2133,116,610),
	 (1336,116,645),
	 (977,116,684),
	 (4336,117,435),
	 (3613,117,478),
	 (2582,117,562),
	 (2468,117,592),
	 (2129,117,610),
	 (1331,117,645),
	 (974,117,684),
	 (782,117,716),
	 (500,117,739),
	 (122,117,750),
	 (4343,118,435),
	 (3617,118,478),
	 (2586,118,562),
	 (2471,118,592),
	 (787,118,716),
	 (505,118,739),
	 (4341,119,435),
	 (503,119,739),
	 (125,119,750),
	 (4335,120,435),
	 (3612,120,478),
	 (2581,120,562),
	 (2467,120,592),
	 (2128,120,610),
	 (781,120,716),
	 (499,120,739),
	 (4340,121,435),
	 (2585,121,562),
	 (1334,121,645),
	 (785,121,716),
	 (502,121,739),
	 (124,121,750),
	 (4337,122,435),
	 (2583,122,562),
	 (2469,122,592),
	 (2130,122,610),
	 (1332,122,645),
	 (783,122,716),
	 (4309,123,434),
	 (3812,123,489),
	 (3537,123,517),
	 (2333,123,584),
	 (2165,123,611),
	 (1602,123,620),
	 (1874,123,634),
	 (1466,123,655),
	 (1095,123,691),
	 (119,123,750),
	 (4305,124,434),
	 (3808,124,489),
	 (3533,124,517),
	 (3140,124,532),
	 (2330,124,584),
	 (2161,124,611),
	 (1598,124,620),
	 (1871,124,634),
	 (1462,124,655),
	 (1092,124,691),
	 (660,124,708),
	 (340,124,728),
	 (116,124,750),
	 (4379,125,438),
	 (4094,125,471),
	 (3849,125,490),
	 (2840,125,518),
	 (3037,125,527),
	 (2526,125,561),
	 (2667,125,564),
	 (2228,125,581),
	 (2274,125,582),
	 (1973,125,600),
	 (2112,125,605),
	 (1530,125,615),
	 (1886,125,635),
	 (876,125,677),
	 (903,125,678),
	 (1201,125,698),
	 (841,125,720),
	 (846,125,721),
	 (283,125,725),
	 (330,125,727),
	 (144,125,752),
	 (4771,125,762),
	 (4785,125,763),
	 (4381,126,438),
	 (4096,126,471),
	 (3851,126,490),
	 (2842,126,518),
	 (3039,126,527),
	 (2528,126,561),
	 (2669,126,564),
	 (2114,126,605),
	 (1532,126,615),
	 (1203,126,698),
	 (843,126,720),
	 (848,126,721),
	 (284,126,725),
	 (332,126,727),
	 (145,126,752),
	 (4773,126,762),
	 (4787,126,763),
	 (4378,127,438),
	 (4093,127,471),
	 (3848,127,490),
	 (3371,127,510),
	 (2839,127,518),
	 (3036,127,527),
	 (2525,127,561),
	 (2227,127,581),
	 (2273,127,582),
	 (1972,127,600),
	 (2111,127,605),
	 (1529,127,615),
	 (1885,127,635),
	 (875,127,677),
	 (902,127,678),
	 (1200,127,698),
	 (840,127,720),
	 (845,127,721),
	 (282,127,725),
	 (329,127,727),
	 (143,127,752),
	 (4770,127,762),
	 (4784,127,763),
	 (4375,128,438),
	 (4091,128,471),
	 (3846,128,490),
	 (3369,128,510),
	 (2836,128,518),
	 (3034,128,527),
	 (2522,128,561),
	 (2665,128,564),
	 (2224,128,581),
	 (2270,128,582),
	 (1969,128,600),
	 (2109,128,605),
	 (1526,128,615),
	 (872,128,677),
	 (899,128,678),
	 (1198,128,698),
	 (838,128,720),
	 (280,128,725),
	 (326,128,727),
	 (142,128,752),
	 (4769,128,762),
	 (4782,128,763),
	 (4374,129,438),
	 (141,129,752),
	 (4768,129,762),
	 (4390,130,438),
	 (3973,130,460),
	 (3382,130,513),
	 (3444,130,514),
	 (3120,130,531),
	 (2769,130,571),
	 (2813,130,575),
	 (2445,130,591),
	 (2506,130,594),
	 (2061,130,607),
	 (2086,130,608),
	 (2179,130,614),
	 (1623,130,617),
	 (1809,130,629),
	 (1368,130,650),
	 (1417,130,658),
	 (1187,130,694),
	 (1129,130,696),
	 (804,130,717),
	 (818,130,718),
	 (472,130,736),
	 (484,130,738),
	 (4388,131,438),
	 (3972,131,460),
	 (3118,131,531),
	 (2768,131,571),
	 (2812,131,575),
	 (2443,131,591),
	 (2504,131,594),
	 (2178,131,614),
	 (1622,131,617),
	 (1807,131,629),
	 (1367,131,650),
	 (1415,131,658),
	 (1185,131,694),
	 (1127,131,696),
	 (802,131,717),
	 (816,131,718),
	 (471,131,736),
	 (483,131,738),
	 (138,131,752),
	 (4385,132,438),
	 (3116,132,531),
	 (2766,132,571),
	 (2810,132,575),
	 (2441,132,591),
	 (2503,132,594),
	 (2058,132,607),
	 (2084,132,608),
	 (2176,132,614),
	 (1620,132,617),
	 (1805,132,629),
	 (1366,132,650),
	 (1413,132,658),
	 (1183,132,694),
	 (1125,132,696),
	 (801,132,717),
	 (815,132,718),
	 (470,132,736),
	 (482,132,738),
	 (136,132,752),
	 (4387,133,438),
	 (3442,133,514),
	 (3117,133,531),
	 (2767,133,571),
	 (2811,133,575),
	 (2442,133,591),
	 (2059,133,607),
	 (2085,133,608),
	 (2177,133,614),
	 (1621,133,617),
	 (1806,133,629),
	 (1414,133,658),
	 (1184,133,694),
	 (1126,133,696),
	 (137,133,752),
	 (4395,134,438),
	 (3122,134,531),
	 (2447,134,591),
	 (2507,134,594),
	 (2182,134,614),
	 (1625,134,617),
	 (1371,134,650),
	 (1420,134,658),
	 (1190,134,694),
	 (1132,134,696),
	 (807,134,717),
	 (821,134,718),
	 (140,134,752),
	 (4393,135,438),
	 (475,135,736),
	 (487,135,738),
	 (139,135,752),
	 (4397,136,438),
	 (4251,137,433),
	 (3969,137,460),
	 (3335,137,509),
	 (3166,137,536),
	 (2662,137,564),
	 (2214,137,577),
	 (2451,137,595),
	 (1744,137,624),
	 (870,137,677),
	 (923,137,682),
	 (713,137,711),
	 (602,137,723),
	 (480,137,738),
	 (162,137,756),
	 (194,137,758),
	 (4247,138,433),
	 (3966,138,460),
	 (3679,138,482),
	 (3332,138,509),
	 (2001,138,601),
	 (1478,138,656),
	 (710,138,711),
	 (599,138,723),
	 (478,138,738),
	 (523,138,740),
	 (159,138,756),
	 (191,138,758),
	 (4245,139,433),
	 (3965,139,460),
	 (3677,139,482),
	 (3894,139,491),
	 (3331,139,509),
	 (3163,139,536),
	 (2658,139,564),
	 (1741,139,624),
	 (1693,139,625),
	 (1477,139,656),
	 (866,139,677),
	 (920,139,682),
	 (709,139,711),
	 (598,139,723),
	 (477,139,738),
	 (522,139,740),
	 (158,139,756),
	 (190,139,758),
	 (4253,140,433),
	 (3970,140,460),
	 (3682,140,482),
	 (3897,140,491),
	 (3337,140,509),
	 (3167,140,536),
	 (2664,140,564),
	 (2215,140,577),
	 (2452,140,595),
	 (2004,140,601),
	 (1745,140,624),
	 (1697,140,625),
	 (1481,140,656),
	 (871,140,677),
	 (924,140,682),
	 (714,140,711),
	 (603,140,723),
	 (481,140,738),
	 (525,140,740),
	 (163,140,756),
	 (195,140,758),
	 (4250,141,433),
	 (3968,141,460),
	 (3681,141,482),
	 (3896,141,491),
	 (3334,141,509),
	 (3165,141,536),
	 (2661,141,564),
	 (2213,141,577),
	 (2450,141,595),
	 (2002,141,601),
	 (1743,141,624),
	 (1696,141,625),
	 (1480,141,656),
	 (869,141,677),
	 (922,141,682),
	 (712,141,711),
	 (601,141,723),
	 (479,141,738),
	 (524,141,740),
	 (161,141,756),
	 (193,141,758),
	 (4254,142,433),
	 (2453,142,595),
	 (164,142,756),
	 (196,142,758),
	 (4249,143,433),
	 (2660,143,564),
	 (1695,143,625),
	 (1479,143,656),
	 (868,143,677),
	 (160,143,756),
	 (192,143,758),
	 (4686,144,463),
	 (2261,144,582),
	 (1239,144,701),
	 (1245,144,702),
	 (583,144,705),
	 (611,144,706),
	 (318,144,727),
	 (244,144,751),
	 (165,144,756),
	 (4795,144,764),
	 (4291,145,431),
	 (4063,145,466),
	 (3844,145,492),
	 (3268,145,502),
	 (3129,145,534),
	 (2594,145,562),
	 (1611,145,620),
	 (1476,145,655),
	 (1124,145,692),
	 (189,145,757),
	 (4285,146,431),
	 (4059,146,466),
	 (3839,146,492),
	 (3263,146,502),
	 (3125,146,534),
	 (2589,146,562),
	 (1606,146,620),
	 (1471,146,655),
	 (1121,146,692),
	 (185,146,757),
	 (4289,147,431),
	 (4062,147,466),
	 (3842,147,492),
	 (3266,147,502),
	 (1474,147,655),
	 (1123,147,692),
	 (187,147,757),
	 (4288,148,431),
	 (4061,148,466),
	 (3841,148,492),
	 (3265,148,502),
	 (3127,148,534),
	 (2592,148,562),
	 (1609,148,620),
	 (1473,148,655),
	 (1122,148,692),
	 (186,148,757),
	 (4290,149,431),
	 (3843,149,492),
	 (3267,149,502),
	 (3128,149,534),
	 (2593,149,562),
	 (1610,149,620),
	 (1475,149,655),
	 (188,149,757),
	 (4241,150,430),
	 (4102,150,471),
	 (3688,150,482),
	 (3476,150,512),
	 (3390,150,513),
	 (2922,150,520),
	 (2972,150,521),
	 (2607,150,559),
	 (2681,150,568),
	 (2289,150,579),
	 (2209,150,612),
	 (1551,150,619),
	 (1438,150,651),
	 (1081,150,687),
	 (1218,150,699),
	 (1224,150,700),
	 (644,150,707),
	 (863,150,722),
	 (201,150,758),
	 (4238,151,430),
	 (4101,151,471),
	 (3687,151,482),
	 (3475,151,512),
	 (3389,151,513),
	 (2921,151,520),
	 (2971,151,521),
	 (2605,151,559),
	 (2679,151,568),
	 (2287,151,579),
	 (2207,151,612),
	 (1549,151,619),
	 (1435,151,651),
	 (1408,151,658),
	 (1078,151,687),
	 (1215,151,699),
	 (1221,151,700),
	 (641,151,707),
	 (860,151,722),
	 (198,151,758),
	 (4242,152,430),
	 (4103,152,471),
	 (3689,152,482),
	 (3477,152,512),
	 (3391,152,513),
	 (2923,152,520),
	 (2973,152,521),
	 (2608,152,559),
	 (2682,152,568),
	 (2290,152,579),
	 (2210,152,612),
	 (1552,152,619),
	 (1670,152,622),
	 (1439,152,651),
	 (1411,152,658),
	 (1082,152,687),
	 (1219,152,699),
	 (1225,152,700),
	 (645,152,707),
	 (864,152,722),
	 (202,152,758),
	 (4239,153,430),
	 (2680,153,568),
	 (2208,153,612),
	 (1550,153,619),
	 (1436,153,651),
	 (1409,153,658),
	 (1079,153,687),
	 (1216,153,699),
	 (1222,153,700),
	 (642,153,707),
	 (861,153,722),
	 (199,153,758),
	 (4240,154,430),
	 (2606,154,559),
	 (2288,154,579),
	 (1437,154,651),
	 (1410,154,658),
	 (1080,154,687),
	 (1217,154,699),
	 (1223,154,700),
	 (643,154,707),
	 (862,154,722),
	 (200,154,758),
	 (4235,155,430),
	 (3472,155,512),
	 (3386,155,513),
	 (2918,155,520),
	 (2968,155,521),
	 (2604,155,559),
	 (2284,155,579),
	 (1546,155,619),
	 (1667,155,622),
	 (197,155,758),
	 (4243,156,430),
	 (3478,156,512),
	 (2924,156,520),
	 (2974,156,521),
	 (2609,156,559),
	 (2291,156,579),
	 (1553,156,619),
	 (1671,156,622),
	 (1083,156,687),
	 (646,156,707),
	 (203,156,758),
	 (4280,157,431),
	 (3805,157,489),
	 (3198,157,501),
	 (2466,157,592),
	 (2488,157,593),
	 (2126,157,609),
	 (1016,157,685),
	 (1152,157,693),
	 (654,157,708),
	 (495,157,739),
	 (549,157,741),
	 (209,157,760),
	 (4273,158,431),
	 (3801,158,489),
	 (3194,158,501),
	 (3097,158,533),
	 (2461,158,592),
	 (2484,158,593),
	 (2122,158,609),
	 (1012,158,685),
	 (648,158,708),
	 (489,158,739),
	 (545,158,741),
	 (204,158,760),
	 (4281,159,431),
	 (3101,159,533),
	 (1017,159,685),
	 (655,159,708),
	 (496,159,739),
	 (550,159,741),
	 (210,159,760),
	 (4275,160,431),
	 (2463,160,592),
	 (2485,160,593),
	 (650,160,708),
	 (491,160,739),
	 (547,160,741),
	 (206,160,760),
	 (4283,161,431),
	 (3806,161,489),
	 (3199,161,501),
	 (2127,161,609),
	 (1019,161,685),
	 (1154,161,693),
	 (657,161,708),
	 (498,161,739),
	 (551,161,741),
	 (211,161,760),
	 (4278,162,431),
	 (3804,162,489),
	 (3100,162,533),
	 (2465,162,592),
	 (2487,162,593),
	 (2125,162,609),
	 (1015,162,685),
	 (1151,162,693),
	 (653,162,708),
	 (494,162,739),
	 (548,162,741),
	 (208,162,760),
	 (4276,163,431),
	 (3803,163,489),
	 (3195,163,501),
	 (3099,163,533),
	 (2464,163,592),
	 (2486,163,593),
	 (2124,163,609),
	 (1014,163,685),
	 (1149,163,693),
	 (651,163,708),
	 (492,163,739),
	 (207,163,760),
	 (4274,164,431),
	 (3802,164,489),
	 (3098,164,533),
	 (2462,164,592),
	 (2123,164,609),
	 (1013,164,685),
	 (649,164,708),
	 (490,164,739),
	 (546,164,741),
	 (205,164,760),
	 (4298,165,434),
	 (3608,165,478),
	 (2790,165,574),
	 (336,165,728),
	 (215,165,760),
	 (4299,166,434),
	 (3609,166,478),
	 (2791,166,574),
	 (1117,166,692),
	 (777,166,716),
	 (216,166,760),
	 (4297,167,434),
	 (3607,167,478),
	 (3261,167,502),
	 (776,167,716),
	 (335,167,728),
	 (214,167,760),
	 (4295,168,434),
	 (3605,168,478),
	 (3259,168,502),
	 (333,168,728),
	 (212,168,760),
	 (4301,169,434),
	 (3611,169,478),
	 (3262,169,502),
	 (2793,169,574),
	 (779,169,716),
	 (337,169,728),
	 (218,169,760),
	 (4296,170,434),
	 (3606,170,478),
	 (3260,170,502),
	 (2789,170,574),
	 (1116,170,692),
	 (775,170,716),
	 (334,170,728),
	 (213,170,760),
	 (4302,171,434),
	 (1119,171,692),
	 (780,171,716),
	 (338,171,728),
	 (219,171,760),
	 (4300,172,434),
	 (3610,172,478),
	 (2792,172,574),
	 (1118,172,692),
	 (778,172,716),
	 (217,172,760),
	 (4511,173,432),
	 (3949,173,462),
	 (3301,173,503),
	 (2888,173,523),
	 (2518,173,557),
	 (4922,173,589),
	 (4929,173,590),
	 (1787,173,631),
	 (4904,173,652),
	 (957,173,683),
	 (414,173,733),
	 (4897,173,753),
	 (4840,173,765),
	 (4880,173,767),
	 (4509,174,432),
	 (3948,174,462),
	 (2517,174,557),
	 (4921,174,589),
	 (412,174,733),
	 (4503,175,432),
	 (3945,175,462),
	 (408,175,733),
	 (4893,175,753),
	 (4835,175,765),
	 (4875,175,767),
	 (4508,176,432),
	 (3947,176,462),
	 (3300,176,503),
	 (2887,176,523),
	 (2516,176,557),
	 (4920,176,589),
	 (1785,176,631),
	 (4903,176,652),
	 (955,176,683),
	 (411,176,733),
	 (4838,176,765),
	 (4878,176,767),
	 (4507,177,432),
	 (3946,177,462),
	 (3299,177,503),
	 (2886,177,523),
	 (2515,177,557),
	 (4919,177,589),
	 (4928,177,590),
	 (1784,177,631),
	 (4902,177,652),
	 (954,177,683),
	 (410,177,733),
	 (4895,177,753),
	 (4837,177,765),
	 (4877,177,767),
	 (4513,178,432),
	 (3951,178,462),
	 (3302,178,503),
	 (2890,178,523),
	 (2520,178,557),
	 (4924,178,589),
	 (4931,178,590),
	 (959,178,683),
	 (415,178,733),
	 (4898,178,753),
	 (4842,178,765),
	 (4502,179,432),
	 (3944,179,462),
	 (3298,179,503),
	 (2885,179,523),
	 (1782,179,631),
	 (952,179,683),
	 (407,179,733),
	 (4892,179,753),
	 (4834,179,765),
	 (4874,179,767),
	 (4515,180,432),
	 (3953,180,462),
	 (3304,180,503),
	 (4925,180,589),
	 (4932,180,590),
	 (1789,180,631),
	 (417,180,733),
	 (4899,180,753),
	 (4883,180,767),
	 (4514,181,432),
	 (3952,181,462),
	 (3303,181,503),
	 (2521,181,557),
	 (416,181,733),
	 (4882,181,767),
	 (4510,182,432),
	 (1786,182,631),
	 (956,182,683),
	 (413,182,733),
	 (4896,182,753),
	 (4839,182,765),
	 (4879,182,767),
	 (4512,183,432),
	 (3950,183,462),
	 (2889,183,523),
	 (2519,183,557),
	 (4923,183,589),
	 (4930,183,590),
	 (1788,183,631),
	 (4905,183,652),
	 (958,183,683),
	 (4841,183,765),
	 (4881,183,767),
	 (4504,184,432),
	 (953,184,683),
	 (409,184,733),
	 (4894,184,753),
	 (4836,184,765),
	 (4876,184,767),
	 (4505,185,432),
	 (1783,185,631),
	 (4901,185,652),
	 (4516,186,432),
	 (4900,186,753),
	 (4843,186,765),
	 (4884,186,767),
	 (4657,187,439),
	 (4704,187,474),
	 (3782,187,485),
	 (2911,187,520),
	 (3150,187,535),
	 (4660,188,439),
	 (4706,188,474),
	 (3784,188,485),
	 (2914,188,520),
	 (2638,188,563),
	 (2319,188,580),
	 (2432,188,587),
	 (2040,188,606),
	 (2095,188,608),
	 (1754,188,624),
	 (4658,189,439),
	 (4705,189,474),
	 (3783,189,485),
	 (2912,189,520),
	 (3151,189,535),
	 (2637,189,563),
	 (2317,189,580),
	 (2430,189,587),
	 (2038,189,606),
	 (2093,189,608),
	 (1752,189,624),
	 (306,189,726),
	 (233,189,754),
	 (4637,190,439),
	 (4663,190,475),
	 (2943,190,524),
	 (2773,190,571),
	 (2230,190,581),
	 (2399,190,586),
	 (2050,190,603),
	 (1699,190,625),
	 (1253,190,702),
	 (680,190,710),
	 (794,190,717),
	 (236,190,754),
	 (4645,191,439),
	 (4668,191,475),
	 (2963,191,521),
	 (2947,191,524),
	 (2645,191,560),
	 (2778,191,571),
	 (2233,191,581),
	 (2402,191,586),
	 (2054,191,603),
	 (965,191,680),
	 (1178,191,697),
	 (530,191,740),
	 (238,191,754),
	 (4765,191,761),
	 (4462,192,437),
	 (3934,192,459),
	 (3314,192,508),
	 (2694,192,565),
	 (1793,192,631),
	 (1424,192,654),
	 (729,192,712),
	 (371,192,730),
	 (4890,192,753),
	 (4459,193,437),
	 (3933,193,459),
	 (3718,193,483),
	 (4538,193,487),
	 (3312,193,508),
	 (2692,193,565),
	 (2352,193,588),
	 (1421,193,654),
	 (996,193,688),
	 (4887,193,753),
	 (4464,194,437),
	 (3935,194,459),
	 (3316,194,508),
	 (2695,194,565),
	 (2355,194,588),
	 (1795,194,631),
	 (372,194,730),
	 (4891,194,753),
	 (4463,195,437),
	 (3315,195,508),
	 (2354,195,588),
	 (1794,195,631),
	 (999,195,688),
	 (4456,196,437),
	 (3931,196,459),
	 (3716,196,483),
	 (4536,196,487),
	 (2350,196,588),
	 (1791,196,631),
	 (995,196,688),
	 (367,196,730),
	 (4885,196,753),
	 (4461,197,437),
	 (1423,197,654),
	 (998,197,688),
	 (370,197,730),
	 (4889,197,753),
	 (4458,198,437),
	 (3932,198,459),
	 (3717,198,483),
	 (4537,198,487),
	 (3311,198,508),
	 (2691,198,565),
	 (727,198,712),
	 (368,198,730),
	 (4886,198,753),
	 (4460,199,437),
	 (3719,199,483),
	 (4539,199,487),
	 (3313,199,508),
	 (2693,199,565),
	 (2353,199,588),
	 (1792,199,631),
	 (1422,199,654),
	 (997,199,688),
	 (728,199,712),
	 (369,199,730),
	 (4888,199,753),
	 (4457,200,437),
	 (2351,200,588),
	 (4225,201,430),
	 (4120,201,472),
	 (3578,201,480),
	 (3774,201,485),
	 (4573,201,515),
	 (2852,201,522),
	 (2745,201,570),
	 (2818,201,575),
	 (2246,201,578),
	 (2454,201,595),
	 (2103,201,605),
	 (1858,201,633),
	 (1895,201,636),
	 (1483,201,656),
	 (1204,201,698),
	 (1210,201,699),
	 (577,201,704),
	 (619,201,706),
	 (667,201,709),
	 (266,201,724),
	 (465,201,736),
	 (4228,202,430),
	 (4122,202,472),
	 (3581,202,480),
	 (3776,202,485),
	 (4575,202,515),
	 (2747,202,570),
	 (2249,202,578),
	 (2457,202,595),
	 (1860,202,633),
	 (1897,202,636),
	 (1485,202,656),
	 (1206,202,698),
	 (1212,202,699),
	 (268,202,724),
	 (466,202,736),
	 (4231,203,430),
	 (4124,203,472),
	 (3583,203,480),
	 (3778,203,485),
	 (4577,203,515),
	 (2749,203,570),
	 (2821,203,575),
	 (2251,203,578),
	 (2459,203,595),
	 (2107,203,605),
	 (1862,203,633),
	 (1899,203,636),
	 (1487,203,656),
	 (1208,203,698),
	 (1214,203,699),
	 (581,203,704),
	 (623,203,706),
	 (671,203,709),
	 (270,203,724),
	 (469,203,736),
	 (4232,204,430),
	 (3584,204,480),
	 (2855,204,522),
	 (2750,204,570),
	 (2822,204,575),
	 (2252,204,578),
	 (2460,204,595),
	 (2108,204,605),
	 (1900,204,636),
	 (1209,204,698),
	 (624,204,706),
	 (672,204,709),
	 (271,204,724),
	 (4229,205,430),
	 (579,205,704),
	 (621,205,706),
	 (669,205,709),
	 (269,205,724),
	 (468,205,736),
	 (4227,206,430),
	 (4121,206,472),
	 (3580,206,480),
	 (3775,206,485),
	 (4574,206,515),
	 (2819,206,575),
	 (2248,206,578),
	 (2456,206,595),
	 (2105,206,605),
	 (1859,206,633),
	 (1896,206,636),
	 (1484,206,656),
	 (1205,206,698),
	 (1211,206,699),
	 (578,206,704),
	 (620,206,706),
	 (668,206,709),
	 (267,206,724),
	 (4711,207,493),
	 (4729,207,494),
	 (4744,207,500),
	 (1616,207,617),
	 (1543,207,619),
	 (563,207,703),
	 (594,207,705),
	 (276,207,724),
	 (298,207,726),
	 (4792,207,763),
	 (4854,207,766),
	 (4683,208,463),
	 (4699,208,474),
	 (4713,208,493),
	 (4731,208,494),
	 (4745,208,500),
	 (2868,208,519),
	 (2861,208,522),
	 (2535,208,561),
	 (2734,208,569),
	 (1942,208,599),
	 (2012,208,601),
	 (1618,208,617),
	 (1544,208,619),
	 (933,208,679),
	 (961,208,680),
	 (565,208,703),
	 (596,208,705),
	 (278,208,724),
	 (299,208,726),
	 (4684,209,463),
	 (4700,209,474),
	 (4714,209,493),
	 (4732,209,494),
	 (4746,209,500),
	 (2869,209,519),
	 (2862,209,522),
	 (2536,209,561),
	 (2735,209,569),
	 (1943,209,599),
	 (2013,209,601),
	 (1619,209,617),
	 (1545,209,619),
	 (934,209,679),
	 (962,209,680),
	 (929,209,682),
	 (566,209,703),
	 (597,209,705),
	 (279,209,724),
	 (300,209,726),
	 (4263,210,433),
	 (4751,210,500),
	 (741,210,713),
	 (288,210,725),
	 (348,210,729),
	 (4377,211,438),
	 (4092,211,471),
	 (3847,211,490),
	 (3370,211,510),
	 (2838,211,518),
	 (3035,211,527),
	 (2524,211,561),
	 (2666,211,564),
	 (2226,211,581),
	 (2272,211,582),
	 (1971,211,600),
	 (2110,211,605),
	 (1528,211,615),
	 (1884,211,635),
	 (874,211,677),
	 (901,211,678),
	 (1199,211,698),
	 (839,211,720),
	 (844,211,721),
	 (281,211,725),
	 (328,211,727),
	 (4783,211,763),
	 (4383,212,438),
	 (4098,212,471),
	 (3040,212,527),
	 (4380,213,438),
	 (4095,213,471),
	 (3850,213,490),
	 (3372,213,510),
	 (2841,213,518),
	 (3038,213,527),
	 (2527,213,561),
	 (2668,213,564),
	 (2229,213,581),
	 (2275,213,582),
	 (1974,213,600),
	 (2113,213,605),
	 (1531,213,615),
	 (1887,213,635),
	 (877,213,677),
	 (904,213,678),
	 (1202,213,698),
	 (842,213,720),
	 (847,213,721),
	 (331,213,727),
	 (4772,213,762),
	 (4786,213,763),
	 (4376,214,438),
	 (2837,214,518),
	 (2523,214,561),
	 (2225,214,581),
	 (2271,214,582),
	 (1970,214,600),
	 (1527,214,615),
	 (1883,214,635),
	 (873,214,677),
	 (900,214,678),
	 (327,214,727),
	 (4373,215,438),
	 (4690,216,463),
	 (3344,216,509),
	 (3113,216,531),
	 (2654,216,560),
	 (2630,216,563),
	 (2267,216,582),
	 (2298,216,583),
	 (2500,216,594),
	 (2202,216,612),
	 (1644,216,618),
	 (1631,216,621),
	 (1244,216,701),
	 (1250,216,702),
	 (616,216,706),
	 (323,216,727),
	 (4799,216,764),
	 (4671,217,475),
	 (4716,217,493),
	 (4630,217,529),
	 (3170,217,536),
	 (2803,217,572),
	 (2302,217,583),
	 (2015,217,602),
	 (2078,217,604),
	 (2184,217,614),
	 (1673,217,622),
	 (1889,217,635),
	 (1915,217,637),
	 (1373,217,650),
	 (1442,217,651),
	 (1064,217,690),
	 (833,217,720),
	 (355,217,729),
	 (4672,218,475),
	 (4717,218,493),
	 (4579,218,515),
	 (3171,218,536),
	 (2804,218,572),
	 (2303,218,583),
	 (2016,218,602),
	 (1890,218,635),
	 (1374,218,650),
	 (1065,218,690),
	 (1103,218,695),
	 (834,218,720),
	 (4718,219,493),
	 (4580,219,515),
	 (4631,219,529),
	 (3172,219,536),
	 (2805,219,572),
	 (2017,219,602),
	 (2079,219,604),
	 (2185,219,614),
	 (1674,219,622),
	 (1066,219,690),
	 (1104,219,695),
	 (835,219,720),
	 (356,219,729),
	 (4674,220,475),
	 (4721,220,493),
	 (4583,220,515),
	 (4633,220,529),
	 (3175,220,536),
	 (2808,220,572),
	 (2186,220,614),
	 (1677,220,622),
	 (358,220,729),
	 (4467,221,437),
	 (3937,221,459),
	 (3720,221,483),
	 (4540,221,487),
	 (3317,221,508),
	 (2697,221,565),
	 (2357,221,588),
	 (1797,221,631),
	 (731,221,712),
	 (375,221,730),
	 (4465,222,437),
	 (1425,222,654),
	 (730,222,712),
	 (373,222,730),
	 (4466,223,437),
	 (3936,223,459),
	 (2696,223,565),
	 (2356,223,588),
	 (1796,223,631),
	 (374,223,730),
	 (4445,224,437),
	 (4438,224,481),
	 (4542,224,511),
	 (3076,224,530),
	 (2560,224,558),
	 (4911,224,589),
	 (1994,224,598),
	 (1392,224,653),
	 (1037,224,686),
	 (769,224,715),
	 (361,224,730),
	 (4867,224,767),
	 (4452,225,437),
	 (3083,225,530),
	 (2565,225,558),
	 (4916,225,589),
	 (1999,225,598),
	 (1761,225,627),
	 (1397,225,653),
	 (773,225,715),
	 (365,225,730),
	 (4447,226,437),
	 (4440,226,481),
	 (3078,226,530),
	 (2562,226,558),
	 (4913,226,589),
	 (1996,226,598),
	 (1757,226,627),
	 (1393,226,653),
	 (1039,226,686),
	 (770,226,715),
	 (4869,226,767),
	 (4450,227,437),
	 (4443,227,481),
	 (4546,227,511),
	 (3081,227,530),
	 (2564,227,558),
	 (4915,227,589),
	 (1998,227,598),
	 (1760,227,627),
	 (1396,227,653),
	 (1042,227,686),
	 (772,227,715),
	 (364,227,730),
	 (4872,227,767),
	 (4453,228,437),
	 (4444,228,481),
	 (4547,228,511),
	 (3084,228,530),
	 (2566,228,558),
	 (4917,228,589),
	 (2000,228,598),
	 (1762,228,627),
	 (1398,228,653),
	 (1043,228,686),
	 (774,228,715),
	 (366,228,730),
	 (4873,228,767),
	 (4449,229,437),
	 (4442,229,481),
	 (4545,229,511),
	 (3080,229,530),
	 (2563,229,558),
	 (1759,229,627),
	 (1395,229,653),
	 (1041,229,686),
	 (771,229,715),
	 (4871,229,767),
	 (4448,230,437),
	 (4441,230,481),
	 (4544,230,511),
	 (3079,230,530),
	 (4914,230,589),
	 (1997,230,598),
	 (1758,230,627),
	 (1394,230,653),
	 (1040,230,686),
	 (363,230,730),
	 (4870,230,767),
	 (4446,231,437),
	 (4439,231,481),
	 (4543,231,511),
	 (3077,231,530),
	 (2561,231,558),
	 (4912,231,589),
	 (1995,231,598),
	 (1756,231,627),
	 (1038,231,686),
	 (362,231,730),
	 (4868,231,767),
	 (4316,232,436),
	 (3924,232,459),
	 (4432,232,481),
	 (3320,232,506),
	 (2825,232,573),
	 (4936,232,590),
	 (1725,232,623),
	 (1402,232,653),
	 (1429,232,654),
	 (749,232,714),
	 (383,232,731),
	 (4317,233,436),
	 (4433,233,481),
	 (3321,233,506),
	 (1403,233,653),
	 (1430,233,654),
	 (824,233,719),
	 (384,233,731),
	 (3328,234,506),
	 (3307,234,508),
	 (2512,234,557),
	 (2557,234,558),
	 (1929,234,596),
	 (1967,234,597),
	 (377,234,731),
	 (4010,235,464),
	 (4031,235,468),
	 (3329,235,506),
	 (3308,235,508),
	 (2513,235,557),
	 (2558,235,558),
	 (378,235,731),
	 (1925,236,596),
	 (1964,236,597),
	 (989,236,688),
	 (1026,236,689),
	 (376,236,731),
	 (4012,237,464),
	 (4033,237,468),
	 (3330,237,506),
	 (3309,237,508),
	 (2514,237,557),
	 (2559,237,558),
	 (1930,237,596),
	 (1968,237,597),
	 (993,237,688),
	 (1030,237,689),
	 (380,237,731),
	 (4011,238,464),
	 (4032,238,468),
	 (992,238,688),
	 (1029,238,689),
	 (379,238,731),
	 (4017,239,464),
	 (4485,239,469),
	 (3727,239,483),
	 (3254,239,499),
	 (3295,239,503),
	 (3073,239,530),
	 (2835,239,573),
	 (2157,239,613),
	 (1504,239,657),
	 (725,239,712),
	 (759,239,714),
	 (398,239,732),
	 (4016,240,464),
	 (3724,240,483),
	 (2830,240,573),
	 (2154,240,613),
	 (1503,240,657),
	 (721,240,712),
	 (754,240,714),
	 (393,240,732),
	 (4014,241,464),
	 (4486,241,469),
	 (3251,241,499),
	 (3291,241,503),
	 (3068,241,530),
	 (1502,241,657),
	 (719,241,712),
	 (391,241,732),
	 (4015,242,464),
	 (4481,242,469),
	 (3069,242,530),
	 (2829,242,573),
	 (720,242,712),
	 (392,242,732),
	 (4483,243,469),
	 (3726,243,483),
	 (3293,243,503),
	 (3071,243,530),
	 (2833,243,573),
	 (2156,243,613),
	 (757,243,714),
	 (396,243,732),
	 (4480,244,469),
	 (3723,244,483),
	 (3250,244,499),
	 (3290,244,503),
	 (3067,244,530),
	 (2828,244,573),
	 (2153,244,613),
	 (1501,244,657),
	 (718,244,712),
	 (753,244,714),
	 (390,244,732),
	 (2831,245,573),
	 (722,245,712),
	 (755,245,714),
	 (394,245,732),
	 (2158,246,613),
	 (1505,246,657),
	 (726,246,712),
	 (760,246,714),
	 (399,246,732),
	 (400,247,732),
	 (4013,248,464),
	 (4479,248,469),
	 (2152,248,613),
	 (717,248,712),
	 (389,248,732),
	 (4482,249,469),
	 (3725,249,483),
	 (3252,249,499),
	 (3292,249,503),
	 (3070,249,530),
	 (2832,249,573),
	 (2155,249,613),
	 (723,249,712),
	 (756,249,714),
	 (395,249,732),
	 (4484,250,469),
	 (3253,250,499),
	 (3294,250,503),
	 (3072,250,530),
	 (2834,250,573),
	 (724,250,712),
	 (758,250,714),
	 (397,250,732),
	 (716,251,712),
	 (388,251,732),
	 (1960,252,597),
	 (1990,252,598),
	 (1719,252,623),
	 (402,252,733),
	 (435,252,734),
	 (3220,253,498),
	 (3246,253,499),
	 (1720,253,623),
	 (1032,253,686),
	 (1021,253,689),
	 (403,253,733),
	 (436,253,734),
	 (3938,254,462),
	 (3217,254,498),
	 (3243,254,499),
	 (2684,254,565),
	 (2710,254,566),
	 (1958,254,597),
	 (1988,254,598),
	 (1717,254,623),
	 (1031,254,686),
	 (1020,254,689),
	 (401,254,733),
	 (434,254,734),
	 (3942,255,462),
	 (3221,255,498),
	 (3247,255,499),
	 (2689,255,565),
	 (2715,255,566),
	 (1722,255,623),
	 (1035,255,686),
	 (1024,255,689),
	 (405,255,733),
	 (438,255,734),
	 (3941,256,462),
	 (2688,256,565),
	 (2714,256,566),
	 (1721,256,623),
	 (1034,256,686),
	 (1023,256,689),
	 (404,256,733),
	 (437,256,734),
	 (1036,257,686),
	 (1025,257,689),
	 (406,257,733),
	 (439,257,734),
	 (444,259,734),
	 (3858,260,490),
	 (3905,260,491),
	 (1102,260,695),
	 (464,260,735),
	 (467,261,736),
	 (4392,262,438),
	 (3446,262,514),
	 (3121,262,531),
	 (2771,262,571),
	 (2815,262,575),
	 (2446,262,591),
	 (2063,262,607),
	 (2088,262,608),
	 (2181,262,614),
	 (1370,262,650),
	 (1419,262,658),
	 (1189,262,694),
	 (1131,262,696),
	 (806,262,717),
	 (474,262,736),
	 (486,262,738),
	 (4394,263,438),
	 (1811,263,629),
	 (820,263,718),
	 (476,263,736),
	 (488,263,738),
	 (4391,264,438),
	 (3974,264,460),
	 (3383,264,513),
	 (3445,264,514),
	 (2770,264,571),
	 (2814,264,575),
	 (2062,264,607),
	 (2087,264,608),
	 (2180,264,614),
	 (1624,264,617),
	 (1810,264,629),
	 (1369,264,650),
	 (1418,264,658),
	 (1188,264,694),
	 (1130,264,696),
	 (805,264,717),
	 (819,264,718),
	 (473,264,736),
	 (485,264,738),
	 (4256,265,433),
	 (3971,265,460),
	 (3683,265,482),
	 (3898,265,491),
	 (3338,265,509),
	 (3168,265,536),
	 (2217,265,577),
	 (2006,265,601),
	 (1747,265,624),
	 (925,265,682),
	 (715,265,711),
	 (604,265,723),
	 (526,265,740),
	 (4277,266,431),
	 (3196,266,501),
	 (1150,266,693),
	 (652,266,708),
	 (493,266,739),
	 (4282,267,431),
	 (1018,267,685),
	 (1153,267,693),
	 (656,267,708),
	 (497,267,739),
	 (4248,268,433),
	 (3967,268,460),
	 (3680,268,482),
	 (3333,268,509),
	 (3164,268,536),
	 (2659,268,564),
	 (2212,268,577),
	 (2449,268,595),
	 (1742,268,624),
	 (1694,268,625),
	 (867,268,677),
	 (921,268,682),
	 (711,268,711),
	 (600,268,723),
	 (4641,269,439),
	 (4666,269,475),
	 (3789,269,488),
	 (4734,269,494),
	 (2962,269,521),
	 (2946,269,524),
	 (2644,269,560),
	 (2777,269,571),
	 (2232,269,581),
	 (964,269,680),
	 (1177,269,697),
	 (683,269,710),
	 (796,269,717),
	 (529,269,740),
	 (4171,270,429),
	 (4087,270,470),
	 (3833,270,492),
	 (3104,270,533),
	 (2784,270,574),
	 (2360,270,585),
	 (2171,270,611),
	 (1345,270,649),
	 (1086,270,691),
	 (541,270,741),
	 (4174,271,429),
	 (4089,271,470),
	 (3836,271,492),
	 (3106,271,533),
	 (2787,271,574),
	 (2362,271,585),
	 (2174,271,611),
	 (1347,271,649),
	 (1088,271,691),
	 (543,271,741),
	 (3566,272,477),
	 (3656,272,479),
	 (2879,272,519),
	 (2259,272,578),
	 (2283,272,579),
	 (2049,272,603),
	 (2076,272,604),
	 (2034,272,606),
	 (1774,272,628),
	 (1804,272,629),
	 (910,272,678),
	 (898,272,681),
	 (638,272,707),
	 (610,272,723),
	 (4760,272,761),
	 (4809,272,764),
	 (2878,273,519),
	 (1851,273,630),
	 (942,273,679),
	 (897,273,681),
	 (3565,274,477),
	 (3655,274,479),
	 (2850,274,518),
	 (2877,274,519),
	 (2258,274,578),
	 (2282,274,579),
	 (2048,274,603),
	 (2075,274,604),
	 (2033,274,606),
	 (1773,274,628),
	 (1803,274,629),
	 (1850,274,630),
	 (941,274,679),
	 (896,274,681),
	 (637,274,707),
	 (609,274,723),
	 (4759,274,761),
	 (4808,274,764),
	 (4224,275,430),
	 (4119,275,472),
	 (3577,275,480),
	 (3773,275,485),
	 (4572,275,515),
	 (2851,275,522),
	 (2744,275,570),
	 (2817,275,575),
	 (2245,275,578),
	 (1482,275,656),
	 (666,275,709),
	 (4230,276,430),
	 (4123,276,472),
	 (3582,276,480),
	 (3777,276,485),
	 (4576,276,515),
	 (2854,276,522),
	 (2748,276,570),
	 (2820,276,575),
	 (2250,276,578),
	 (2458,276,595),
	 (2106,276,605),
	 (1861,276,633),
	 (1898,276,636),
	 (1486,276,656),
	 (1207,276,698),
	 (1213,276,699),
	 (580,276,704),
	 (622,276,706),
	 (670,276,709),
	 (4244,277,430),
	 (2925,277,520),
	 (2975,277,521),
	 (2610,277,559),
	 (2683,277,568),
	 (2292,277,579),
	 (2211,277,612),
	 (1554,277,619),
	 (1672,277,622),
	 (1440,277,651),
	 (1412,277,658),
	 (1220,277,699),
	 (1226,277,700),
	 (647,277,707),
	 (865,277,722),
	 (4236,278,430),
	 (4100,278,471),
	 (3685,278,482),
	 (3473,278,512),
	 (3387,278,513),
	 (2919,278,520),
	 (2969,278,521),
	 (2678,278,568),
	 (2285,278,579),
	 (2205,278,612),
	 (1547,278,619),
	 (1668,278,622),
	 (1407,278,658),
	 (4237,279,430),
	 (3686,279,482),
	 (3474,279,512),
	 (3388,279,513),
	 (2920,279,520),
	 (2970,279,521),
	 (2286,279,579),
	 (2206,279,612),
	 (1548,279,619),
	 (1669,279,622),
	 (1434,279,651),
	 (640,279,707),
	 (4234,280,430),
	 (1433,280,651),
	 (1406,280,658),
	 (1077,280,687),
	 (639,280,707),
	 (859,280,722),
	 (4649,281,439),
	 (4739,281,494),
	 (2953,281,524),
	 (1869,281,633),
	 (1259,281,702),
	 (687,281,710),
	 (800,281,717),
	 (2763,282,567),
	 (2728,282,569),
	 (2741,282,570),
	 (2027,282,602),
	 (2070,282,607),
	 (1638,282,621),
	 (1074,282,687),
	 (1060,282,690),
	 (3022,283,526),
	 (3030,283,527),
	 (1536,283,615),
	 (706,283,711),
	 (735,283,713),
	 (4493,284,432),
	 (4472,284,469),
	 (4519,284,486),
	 (4531,284,487),
	 (4549,284,511),
	 (3042,284,528),
	 (1932,284,596),
	 (1508,284,657),
	 (945,284,683),
	 (4494,285,432),
	 (4473,285,469),
	 (3043,285,528),
	 (2717,285,566),
	 (1933,285,596),
	 (1509,285,657),
	 (946,285,683),
	 (763,285,715),
	 (4491,286,432),
	 (4471,286,469),
	 (4518,286,486),
	 (4530,286,487),
	 (4548,286,511),
	 (3041,286,528),
	 (2716,286,566),
	 (1931,286,596),
	 (1506,286,657),
	 (943,286,683),
	 (761,286,715),
	 (4389,287,438),
	 (3443,287,514),
	 (3119,287,531),
	 (2444,287,591),
	 (2505,287,594),
	 (2060,287,607),
	 (1808,287,629),
	 (1416,287,658),
	 (1186,287,694),
	 (1128,287,696),
	 (803,287,717),
	 (817,287,718),
	 (3159,288,535),
	 (2601,288,559),
	 (2799,288,572),
	 (2438,288,591),
	 (1651,288,618),
	 (1732,288,626),
	 (1838,288,632),
	 (812,288,718),
	 (832,289,719),
	 (3225,290,498),
	 (2882,290,523),
	 (2348,290,588),
	 (2148,290,613),
	 (1764,290,627),
	 (4907,290,652),
	 (830,290,719),
	 (2346,291,588),
	 (828,291,719),
	 (2848,292,518),
	 (2875,292,519),
	 (2280,292,579),
	 (939,292,679),
	 (894,292,681),
	 (4695,293,474),
	 (2864,293,519),
	 (2858,293,522),
	 (2531,293,561),
	 (2731,293,569),
	 (1541,293,619),
	 (931,293,679),
	 (927,293,682),
	 (4325,294,435),
	 (4052,294,466),
	 (3189,294,501),
	 (2983,294,576),
	 (2339,294,584),
	 (2365,294,585),
	 (1562,294,616),
	 (970,294,684),
	 (1007,294,685),
	 (4329,295,435),
	 (971,295,684),
	 (1008,295,685),
	 (4030,296,468),
	 (2510,296,557),
	 (1927,296,596),
	 (1966,296,597),
	 (990,296,688),
	 (1027,296,689),
	 (4009,297,464),
	 (2511,297,557),
	 (1928,297,596),
	 (991,297,688),
	 (1028,297,689),
	 (4455,298,437),
	 (3930,298,459),
	 (3310,298,508),
	 (2690,298,565),
	 (1790,298,631),
	 (994,298,688),
	 (3940,299,462),
	 (2687,299,565),
	 (2713,299,566),
	 (1962,299,597),
	 (1992,299,598),
	 (1033,299,686),
	 (1022,299,689),
	 (4715,300,493),
	 (4578,300,515),
	 (4629,300,529),
	 (3169,300,536),
	 (2301,300,583),
	 (2014,300,602),
	 (2077,300,604),
	 (2183,300,614),
	 (1888,300,635),
	 (1914,300,637),
	 (1372,300,650),
	 (1441,300,651),
	 (1063,300,690),
	 (4284,301,431),
	 (4058,301,466),
	 (3838,301,492),
	 (3124,301,534),
	 (2588,301,562),
	 (1605,301,620),
	 (1470,301,655),
	 (1120,301,692),
	 (4180,302,429),
	 (3528,302,517),
	 (3134,302,534),
	 (2492,302,593),
	 (1570,302,616),
	 (1157,302,693),
	 (4259,303,433),
	 (4748,303,500),
	 (3480,303,512),
	 (3450,303,514),
	 (2751,303,567),
	 (2308,303,580),
	 (1976,303,600),
	 (1168,303,697),
	 (2883,304,523),
	 (2149,304,613),
	 (1765,304,627),
	 (4908,304,652),
	 (3923,305,459),
	 (4431,305,481),
	 (1401,305,653),
	 (1428,305,654),
	 (4287,306,431),
	 (4060,306,466),
	 (3840,306,492),
	 (3264,306,502),
	 (3126,306,534),
	 (2591,306,562),
	 (1608,306,620),
	 (1472,306,655),
	 (3023,307,526),
	 (2674,307,568),
	 (2726,307,569),
	 (2409,307,586),
	 (2025,307,602),
	 (2068,307,607),
	 (1537,307,615),
	 (1637,307,621),
	 (4178,308,429),
	 (3526,308,517),
	 (3133,308,534),
	 (2490,308,593),
	 (1568,308,616),
	 (4334,309,435),
	 (4057,309,466),
	 (3193,309,501),
	 (2988,309,576),
	 (2344,309,584),
	 (2369,309,585),
	 (1566,309,616),
	 (4330,310,435),
	 (4054,310,466),
	 (3190,310,501),
	 (2985,310,576),
	 (2340,310,584),
	 (2366,310,585),
	 (1563,310,616),
	 (4286,311,431),
	 (2590,311,562),
	 (1607,311,620),
	 (4398,312,438),
	 (3975,312,460),
	 (3385,312,513),
	 (3448,312,514),
	 (3123,312,531),
	 (2772,312,571),
	 (2816,312,575),
	 (2448,312,591),
	 (2508,312,594),
	 (2064,312,607),
	 (2089,312,608),
	 (1626,312,617),
	 (1812,312,629),
	 (4673,313,475),
	 (4720,313,493),
	 (4582,313,515),
	 (3174,313,536),
	 (2807,313,572),
	 (2304,313,583),
	 (1676,313,622),
	 (4255,314,433),
	 (2216,314,577),
	 (2005,314,601),
	 (1746,314,624),
	 (1698,314,625),
	 (3939,315,462),
	 (3218,315,498),
	 (3244,315,499),
	 (2685,315,565),
	 (2711,315,566),
	 (1959,315,597),
	 (1989,315,598),
	 (1718,315,623),
	 (4320,316,436),
	 (4319,317,436),
	 (3926,317,459),
	 (4434,317,481),
	 (3323,317,506),
	 (2826,317,573),
	 (4938,317,590),
	 (1726,317,623),
	 (3024,318,526),
	 (3031,318,527),
	 (2762,318,567),
	 (2675,318,568),
	 (2727,318,569),
	 (2740,318,570),
	 (2410,318,586),
	 (2026,318,602),
	 (2069,318,607),
	 (1855,318,630),
	 (1843,318,632),
	 (4008,319,464),
	 (3327,319,506),
	 (3306,319,508),
	 (2509,319,557),
	 (2556,319,558),
	 (1926,319,596),
	 (1965,319,597),
	 (1963,321,597),
	 (1993,321,598),
	 (3219,322,498),
	 (3245,322,499),
	 (2686,322,565),
	 (2712,322,566),
	 (1961,322,597),
	 (1991,322,598),
	 (4257,323,433),
	 (2007,323,601),
	 (4252,325,433),
	 (3336,325,509),
	 (2663,325,564),
	 (2003,325,601),
	 (4226,326,430),
	 (3579,326,480),
	 (2853,326,522),
	 (2746,326,570),
	 (2247,326,578),
	 (2455,326,595),
	 (2104,326,605),
	 (2121,327,609),
	 (4489,328,469),
	 (3730,328,483),
	 (3257,328,499),
	 (3297,328,503),
	 (3075,328,530),
	 (2159,328,613),
	 (3227,329,498),
	 (2150,329,613),
	 (4170,330,429),
	 (2359,330,585),
	 (4172,331,429),
	 (3834,331,492),
	 (2785,331,574),
	 (2172,331,611),
	 (4517,332,432),
	 (4926,332,589),
	 (4933,332,590),
	 (4506,333,432),
	 (4918,333,589),
	 (4927,333,590),
	 (4181,334,429),
	 (3530,334,517),
	 (3136,334,534),
	 (2494,334,593),
	 (4007,335,464),
	 (4029,335,468),
	 (3326,335,506),
	 (3305,335,508),
	 (2555,335,558),
	 (4292,336,431),
	 (4064,336,466),
	 (3130,336,534),
	 (2595,336,562),
	 (3018,337,526),
	 (3027,337,527),
	 (2757,337,567),
	 (2723,337,569),
	 (4488,338,469),
	 (3256,338,499),
	 (3296,338,503),
	 (3074,338,530),
	 (4233,339,430),
	 (4099,339,471),
	 (3684,339,482),
	 (3471,339,512),
	 (2917,339,520),
	 (4650,340,439),
	 (4740,340,494),
	 (4326,341,435),
	 (2984,341,576),
	 (4382,343,438),
	 (4097,343,471),
	 (3852,343,490),
	 (3373,343,510),
	 (4451,344,437),
	 (3082,344,530),
	 (4279,345,431),
	 (3197,345,501),
	 (3943,346,462),
	 (3223,346,498),
	 (3249,346,499),
	 (3222,347,498),
	 (3248,347,499),
	 (3255,349,499),
	 (4294,350,434),
	 (3258,350,502),
	 (4651,352,439),
	 (4384,353,438),
	 (3374,353,510),
	 (4396,354,438),
	 (3384,354,513),
	 (3447,354,514),
	 (4386,355,438),
	 (3381,355,513),
	 (4260,357,433),
	 (3481,357,512),
	 (3451,357,514),
	 (4272,358,433),
	 (3800,358,488),
	 (3486,358,512),
	 (4271,359,433),
	 (3799,359,488),
	 (3485,359,512),
	 (4588,360,515),
	 (4125,362,472),
	 (3567,362,477),
	 (4127,363,472),
	 (3569,363,477),
	 (4134,364,472),
	 (3576,364,477),
	 (4339,365,435),
	 (3615,365,478),
	 (4246,367,433),
	 (3678,367,482),
	 (3895,367,491),
	 (4468,368,437),
	 (3721,368,483),
	 (4470,369,437),
	 (3722,369,483),
	 (4454,370,437),
	 (3715,370,483),
	 (4019,371,464),
	 (4487,371,469),
	 (3729,371,483),
	 (4018,372,464),
	 (3728,372,483),
	 (4527,373,486),
	 (4529,374,486),
	 (4034,375,468),
	 (4525,375,486),
	 (4499,376,432),
	 (4476,376,469),
	 (4522,376,486),
	 (4534,376,487),
	 (4469,377,437),
	 (4541,377,487),
	 (4293,378,431),
	 (3845,378,492),
	 (4401,380,438),
	 (3978,380,460),
	 (4400,381,438),
	 (3977,381,460),
	 (4399,382,438),
	 (3976,382,460),
	 (4020,383,464),
	 (4490,383,469),
	 (4036,384,468),
	 (4039,385,468),
	 (4038,386,468),
	 (4328,387,435),
	 (4053,387,466),
	 (4831,389,765);
