-- TOURNAMENTS
INSERT INTO tournaments (tournament_id,name,`year`,description,rounds,url,is_active) VALUES
	 (1,'Torneo de Verano',2024,'Torneo de Verano 2024',0,'TorneoVerano2024',0),
	 (2,'Torneo Otoño Invierno_2024',2024,'Torneo Otoño Invierno 2024',0,'Torneo_Otoño_Invierno_2024',1);

-- TEAMS
INSERT INTO teams (team_id,tournament_id,team_number,name,initials,category,image,is_active,games_won,games_lost,sets_won,sets_lost,points_won,points_lost) VALUES
	 (1,1,0,'FÉNIX','FÉNIX','FEMENIL',NULL,1,0,0,0,0,0,0),
	 (2,1,0,'VAGAS','VAGAS','FEMENIL',NULL,1,0,0,0,0,0,0),
	 (3,1,0,'TERRENEITOR','TERRE','FEMENIL',NULL,1,0,0,0,0,0,0),
	 (4,1,0,'PINK PANTHERS','PINK ','FEMENIL',NULL,1,0,0,0,0,0,0),
	 (5,1,0,'COMETAS','COMET','FEMENIL',NULL,1,0,0,0,0,0,0),
	 (6,1,0,'AGUA BLANCA','AGUA ','VARONIL',NULL,1,0,0,0,0,0,0),
	 (7,1,0,'PILARES','PILAR','VARONIL',NULL,1,0,0,0,0,0,0),
	 (8,1,0,'COSALIMA','COSAL','VARONIL',NULL,1,0,0,0,0,0,0),
	 (9,1,0,'HUISCOLCO','HUISC','VARONIL',NULL,1,0,0,0,0,0,0),
	 (10,1,0,'TOROS','TOROS','VARONIL',NULL,1,0,0,0,0,0,0),
	 (11,1,0,'ARDILLAS','ARDIL','VARONIL',NULL,1,0,0,0,0,0,0),
	 (12,1,0,'NEGOS','NEGOS','VARONIL',NULL,1,0,0,0,0,0,0),
	 (13,1,0,'LOS UNICOS','UNICO','VARONIL',NULL,1,0,0,0,0,0,0),
	 (14,1,0,'LA RETA','RETA','VARONIL',NULL,1,0,0,0,0,0,0),
	 (15,1,0,'LOS RENCOROSOS','RENCO','MIXTO',NULL,1,0,0,0,0,0,0),
	 (16,1,0,'PINK PANTHERS','PINK ','MIXTO',NULL,1,0,0,0,0,0,0),
	 (17,1,0,'VENGADORES','VENGA','MIXTO',NULL,1,0,0,0,0,0,0),
	 (18,1,0,'VIKINGOS','VIKIN','MIXTO',NULL,1,0,0,0,0,0,0),
	 (19,1,0,'FÉNIX','FÉNIX','MIXTO',NULL,1,0,0,0,0,0,0),
	 (20,1,0,'NOVATOS','NOVAT','MIXTO',NULL,1,0,0,0,0,0,0),
	 (21,1,0,'SIN NOMBRE','SNOMB','MIXTO',NULL,1,0,0,0,0,0,0),
	 (22,1,0,'PECHOCHOS','PECHO','MIXTO',NULL,1,0,0,0,0,0,0),
	 (23,1,0,'TERRENEITOR','TERRE','MIXTO',NULL,1,0,0,0,0,0,0),
	 (24,1,0,'LA SELECCIÓN','SELEC','MIXTO',NULL,1,0,0,0,0,0,0),
	 (25,1,0,'THE DREAM TEAM','DREAM','MIXTO',NULL,1,0,0,0,0,0,0),
	 (27,2,7,'TIX','TIX','FEMENIL',NULL,1,5,6,11,12,472,403),
	 (28,2,6,'PREPA','PREPA','FEMENIL',NULL,1,0,10,0,20,121,500),
	 (29,2,8,'VENUS','VENUS','FEMENIL',NULL,1,4,6,9,13,397,394),
	 (30,2,5,'PANTERAS','PANTERAS','FEMENIL',NULL,1,8,2,16,4,464,302),
	 (31,2,2,'LAS PEQUES','PEQUES','FEMENIL',NULL,1,6,3,13,7,439,331),
	 (32,2,1,'GALACTICAS','GALACTIC','FEMENIL',NULL,1,6,4,12,9,356,375),
	 (33,2,3,'MONARCAS','MONARCAS','FEMENIL',NULL,1,9,0,18,0,455,216),
	 (34,2,4,'NOVAS','NOVAS','FEMENIL',NULL,1,1,8,2,16,245,428),
	 (36,2,4,'CUERVOS','CUERVOS','VARONIL','Cuervos.jpg',1,4,6,10,14,446,491),
	 (37,2,9,'TOROS','TOROS','VARONIL',NULL,1,2,9,7,19,504,584),
	 (38,2,1,'ARDILLAS','ARDILLAS','VARONIL',NULL,1,6,5,14,14,522,562),
	 (39,2,7,'NEGOS','NEGOS','VARONIL',NULL,1,2,9,8,20,486,569),
	 (40,2,6,'LOS UNICOS','UNICOS','VARONIL',NULL,1,0,10,1,20,271,512),
	 (41,2,5,'DESPEINADOS','DESPEINA','VARONIL',NULL,1,8,4,19,10,579,504),
	 (42,2,2,'CHIQUE','CHIQUE','VARONIL',NULL,1,11,0,22,2,578,348),
	 (43,2,3,'CIERVOS','CIERVOS','VARONIL',NULL,1,7,3,16,8,522,483),
	 (44,2,8,'REENCUENTRO','REENCUEN','VARONIL',NULL,1,8,2,17,7,535,390),
	 (46,2,12,'VENGADORES','VENGADOR','MIXTO',NULL,1,14,3,29,11,828,724),
	 (47,2,13,'VIKINGOS','VIKINGOS','MIXTO',NULL,1,13,6,31,17,997,871),
	 (48,2,1,'FENIX','FENIX','MIXTO','Fenix.jpg',1,13,8,29,18,979,912),
	 (49,2,9,'PECHOCHOS','PECHOCHO','MIXTO',NULL,1,5,14,16,29,838,918),
	 (50,2,4,'LA SELECCIÓN','SELECCIÓ','MIXTO',NULL,1,5,13,11,28,677,883),
	 (51,2,5,'LOS DEL BASQUET','BASQUET','MIXTO',NULL,1,5,13,15,28,843,906),
	 (52,2,8,'MIXTICOS','MIXTICOS','MIXTO',NULL,1,14,4,32,13,983,846),
	 (53,2,6,'LOS OLVIDADOS','OLVIDADO','MIXTO',NULL,1,6,13,18,29,873,950),
	 (54,2,10,'RENCOROSOS','RENCOROS','MIXTO',NULL,1,16,3,33,14,1028,854),
	 (55,2,14,'WINNERS','WINNERS','MIXTO',NULL,1,14,5,30,15,985,783),
	 (56,2,7,'MIXED SQUIRRELS','SQUIRREL','MIXTO',NULL,1,7,11,17,26,800,913),
	 (57,2,11,'ROJAS MIX','ROJAS MI','MIXTO',NULL,1,10,10,22,21,860,841),
	 (58,2,2,'GALACTICOS','GALACTIC','MIXTO',NULL,1,0,18,1,36,511,908),
	 (70,2,3,'L@S PEQUES','L@S PEQU','MIXTO',NULL,1,10,11,25,24,995,888);

-- GAMES 
INSERT INTO games (game_id,tournament_id,category,week_number,game_date,game_place,team_1,team_1_score,team_1_sets,team_1_points,team_1_set_1_pts,team_1_set_2_pts,team_1_set_3_pts,team_1_set_4_pts,team_1_set_5_pts,team_2,team_2_score,team_2_sets,team_2_points,team_2_set_1_pts,team_2_set_2_pts,team_2_set_3_pts,team_2_set_4_pts,team_2_set_5_pts,by_default) VALUES
	 (1,1,'FEMENIL',5,'2024-08-19 18:00:00','ARRIBA',1,0,0,44,0,0,0,0,0,2,1,0,50,0,0,0,0,0,0),
	 (2,1,'VARONIL',5,'2024-08-19 19:00:00','ARRIBA',7,1,0,50,0,0,0,0,0,11,0,0,27,0,0,0,0,0,0),
	 (3,1,'VARONIL',5,'2024-08-19 20:00:00','ARRIBA',9,0,0,58,0,0,0,0,0,12,1,0,54,0,0,0,0,0,0),
	 (4,1,'VARONIL',5,'2024-08-19 18:00:00','ABAJO',7,1,0,50,0,0,0,0,0,12,0,0,29,0,0,0,0,0,0),
	 (5,1,'VARONIL',5,'2024-08-19 19:00:00','ABAJO',8,1,0,50,0,0,0,0,0,14,0,0,22,0,0,0,0,0,0),
	 (6,1,'MIXTO',5,'2024-08-19 20:00:00','ABAJO',18,1,0,64,0,0,0,0,0,20,0,0,55,0,0,0,0,0,0),
	 (7,1,'MIXTO',5,'2024-08-20 18:00:00','ARRIBA',15,1,0,50,0,0,0,0,0,21,0,0,44,0,0,0,0,0,0),
	 (8,1,'VARONIL',5,'2024-08-20 19:00:00','ARRIBA',9,0,0,39,0,0,0,0,0,6,1,0,50,0,0,0,0,0,0),
	 (9,1,'VARONIL',5,'2024-08-20 20:00:00','ARRIBA',13,0,0,24,0,0,0,0,0,6,1,0,50,0,0,0,0,0,0),
	 (10,1,'MIXTO',5,'2024-08-20 18:00:00','ABAJO',17,0,0,53,0,0,0,0,0,25,1,0,57,0,0,0,0,0,0),
	 (11,1,'MIXTO',5,'2024-08-20 19:00:00','ABAJO',15,1,0,61,0,0,0,0,0,20,0,0,56,0,0,0,0,0,0),
	 (12,1,'MIXTO',5,'2024-08-20 20:00:00','ABAJO',15,0,0,54,0,0,0,0,0,25,1,0,64,0,0,0,0,0,0),
	 (13,1,'MIXTO',5,'2024-08-21 17:30:00','ARRIBA',23,1,0,50,0,0,0,0,0,22,0,0,24,0,0,0,0,0,0),
	 (14,1,'MIXTO',5,'2024-08-21 18:30:00','ARRIBA',24,0,0,26,0,0,0,0,0,23,1,0,50,0,0,0,0,0,0),
	 (15,1,'MIXTO',5,'2024-08-21 19:30:00','ARRIBA',19,0,0,56,0,0,0,0,0,18,1,0,61,0,0,0,0,0,0),
	 (16,1,'FEMENIL',5,'2024-08-21 18:00:00','ABAJO',4,1,0,50,0,0,0,0,0,5,0,0,22,0,0,0,0,0,0),
	 (17,1,'MIXTO',5,'2024-08-21 19:00:00','ABAJO',22,0,0,38,0,0,0,0,0,20,1,0,50,0,0,0,0,0,0),
	 (18,1,'VARONIL',5,'2024-08-21 20:00:00','ABAJO',10,1,0,50,0,0,0,0,0,14,0,0,18,0,0,0,0,0,0),
	 (19,1,'MIXTO',5,'2024-08-22 18:00:00','ARRIBA',17,1,0,50,0,0,0,0,0,22,0,0,24,0,0,0,0,0,0),
	 (20,1,'MIXTO',5,'2024-08-22 19:00:00','ARRIBA',22,0,0,46,0,0,0,0,0,21,1,0,62,0,0,0,0,0,0),
	 (21,1,'MIXTO',5,'2024-08-22 20:00:00','ARRIBA',17,1,0,50,0,0,0,0,0,24,0,0,41,0,0,0,0,0,0),
	 (22,1,'MIXTO',5,'2024-08-23 18:00:00','ARRIBA',24,0,0,31,0,0,0,0,0,19,1,0,51,0,0,0,0,0,0),
	 (23,1,'FEMENIL',4,'2024-08-12 18:00:00','ARRIBA',1,0,0,48,0,0,0,0,0,4,1,0,55,0,0,0,0,0,0),
	 (24,1,'VARONIL',4,'2024-08-12 19:00:00','ARRIBA',7,0,0,21,0,0,0,0,0,6,1,0,50,0,0,0,0,0,0),
	 (25,1,'VARONIL',4,'2024-08-12 20:00:00','ARRIBA',6,1,0,61,0,0,0,0,0,10,0,0,48,0,0,0,0,0,0),
	 (26,1,'MIXTO',4,'2024-08-12 18:00:00','ABAJO',20,0,0,45,0,0,0,0,0,17,1,0,51,0,0,0,0,0,0),
	 (27,1,'VARONIL',4,'2024-08-12 19:00:00','ABAJO',11,1,0,50,0,0,0,0,0,14,0,0,0,0,0,0,0,0,0),
	 (28,1,'VARONIL',4,'2024-08-12 20:00:00','ABAJO',7,1,0,50,0,0,0,0,0,14,0,0,28,0,0,0,0,0,0),
	 (29,1,'MIXTO',4,'2024-08-13 18:00:00','ARRIBA',19,0,0,34,0,0,0,0,0,15,1,0,50,0,0,0,0,0,0),
	 (30,1,'MIXTO',4,'2024-08-13 19:00:00','ARRIBA',17,0,0,32,0,0,0,0,0,18,1,0,50,0,0,0,0,0,0),
	 (31,1,'MIXTO',4,'2024-08-13 20:00:00','ARRIBA',21,0,0,58,0,0,0,0,0,18,1,0,63,0,0,0,0,0,0),
	 (32,1,'MIXTO',4,'2024-08-13 18:00:00','ABAJO',20,0,0,35,0,0,0,0,0,25,1,0,62,0,0,0,0,0,0),
	 (33,1,'MIXTO',4,'2024-08-13 19:00:00','ABAJO',19,0,0,45,0,0,0,0,0,25,1,0,56,0,0,0,0,0,0),
	 (34,1,'VARONIL',4,'2024-08-13 20:00:00','ABAJO',11,0,0,38,0,0,0,0,0,9,1,0,50,0,0,0,0,0,0),
	 (35,1,'FEMENIL',4,'2024-08-14 17:30:00','ARRIBA',3,1,0,50,0,0,0,0,0,5,0,0,31,0,0,0,0,0,0),
	 (36,1,'MIXTO',4,'2024-08-14 18:30:00','ARRIBA',15,1,0,50,0,0,0,0,0,23,0,0,42,0,0,0,0,0,0),
	 (37,1,'MIXTO',4,'2024-08-14 19:30:00','ARRIBA',23,0,0,45,0,0,0,0,0,19,1,0,50,0,0,0,0,0,0),
	 (38,1,'MIXTO',4,'2024-08-14 18:00:00','ABAJO',21,0,0,60,0,0,0,0,0,16,1,0,66,0,0,0,0,0,0),
	 (39,1,'VARONIL',4,'2024-08-14 19:00:00','ABAJO',8,1,0,50,0,0,0,0,0,12,0,0,19,0,0,0,0,0,0),
	 (40,1,'VARONIL',4,'2024-08-14 20:00:00','ABAJO',13,1,0,64,0,0,0,0,0,14,0,0,48,0,0,0,0,0,0),
	 (199,1,'FEMENIL',3,'2024-08-05 18:00:00','ARRIBA',2,1,0,51,0,0,0,0,0,5,0,0,45,0,0,0,0,0,0),
	 (200,1,'VARONIL',3,'2024-08-05 19:00:00','ARRIBA',8,0,0,43,0,0,0,0,0,7,1,0,52,0,0,0,0,0,0),
	 (201,1,'VARONIL',3,'2024-08-05 20:00:00','ARRIBA',13,0,0,25,0,0,0,0,0,7,1,0,50,0,0,0,0,0,0),
	 (202,1,'MIXTO',3,'2024-08-05 18:00:00','ABAJO',21,0,0,23,0,0,0,0,0,17,1,0,50,0,0,0,0,0,0),
	 (203,1,'MIXTO',3,'2024-08-05 19:00:00','ABAJO',19,1,0,63,0,0,0,0,0,20,0,0,47,0,0,0,0,0,0),
	 (204,1,'VARONIL',3,'2024-08-05 20:00:00','ABAJO',9,1,0,50,0,0,0,0,0,14,0,0,31,0,0,0,0,0,0),
	 (205,1,'MIXTO',3,'2024-08-06 18:00:00','ARRIBA',15,1,0,50,0,0,0,0,0,24,0,0,38,0,0,0,0,0,0),
	 (206,1,'VARONIL',3,'2024-08-06 19:00:00','ARRIBA',14,0,0,36,0,0,0,0,0,6,1,0,51,0,0,0,0,0,0),
	 (207,1,'VARONIL',3,'2024-08-06 20:00:00','ARRIBA',6,1,0,50,0,0,0,0,0,11,0,0,38,0,0,0,0,0,0),
	 (208,1,'MIXTO',3,'2024-08-06 18:00:00','ABAJO',20,1,0,60,0,0,0,0,0,23,0,0,59,0,0,0,0,0,0),
	 (209,1,'FEMENIL',3,'2024-08-06 19:00:00','ABAJO',3,0,0,37,0,0,0,0,0,4,1,0,50,0,0,0,0,0,0),
	 (210,1,'MIXTO',3,'2024-08-06 20:00:00','ABAJO',16,1,0,54,0,0,0,0,0,23,0,0,42,0,0,0,0,0,0),
	 (211,1,'VARONIL',3,'2024-08-07 19:00:00','ARRIBA',12,1,0,51,0,0,0,0,0,13,0,0,41,0,0,0,0,0,0),
	 (212,1,'VARONIL',3,'2024-08-07 20:00:00','ARRIBA',12,0,0,40,0,0,0,0,0,10,1,0,50,0,0,0,0,0,0),
	 (213,1,'MIXTO',3,'2024-08-07 19:00:00','ABAJO',25,1,0,50,0,0,0,0,0,22,0,0,40,0,0,0,0,0,0),
	 (214,1,'MIXTO',3,'2024-08-07 20:00:00','ABAJO',25,0,0,36,0,0,0,0,0,18,1,0,50,0,0,0,0,0,0),
	 (215,1,'MIXTO',3,'2024-08-08 18:00:00','ARRIBA',15,0,0,32,0,0,0,0,0,16,1,0,50,0,0,0,0,0,0),
	 (216,1,'MIXTO',3,'2024-08-08 19:00:00','ARRIBA',24,0,0,53,0,0,0,0,0,22,1,0,54,0,0,0,0,0,0),
	 (217,1,'MIXTO',3,'2024-08-08 20:00:00','ARRIBA',16,1,0,50,0,0,0,0,0,24,0,0,33,0,0,0,0,0,0),
	 (241,1,'FEMENIL',1,'2024-07-22 18:00:00','ARRIBA',2,1,0,50,0,0,0,0,0,4,0,0,29,0,0,0,0,0,0),
	 (242,1,'MIXTO',1,'2024-07-22 19:00:00','ARRIBA',21,1,0,54,0,0,0,0,0,23,0,0,50,0,0,0,0,0,0),
	 (243,1,'MIXTO',1,'2024-07-22 20:00:00','ARRIBA',21,1,0,50,0,0,0,0,0,24,0,0,41,0,0,0,0,0,0),
	 (244,1,'MIXTO',1,'2024-07-22 18:00:00','ABAJO',23,0,0,54,0,0,0,0,0,17,1,0,65,0,0,0,0,0,0),
	 (245,1,'MIXTO',1,'2024-07-22 19:00:00','ABAJO',16,1,0,50,0,0,0,0,0,18,0,0,41,0,0,0,0,0,0),
	 (246,1,'FEMENIL',1,'2024-07-22 20:00:00','ABAJO',3,0,0,46,0,0,0,0,0,1,1,0,57,0,0,0,0,0,0),
	 (247,1,'MIXTO',1,'2024-07-23 18:00:00','ARRIBA',22,0,0,41,0,0,0,0,0,15,1,0,50,0,0,0,0,0,0),
	 (248,1,'VARONIL',1,'2024-07-23 19:00:00','ARRIBA',9,1,0,50,0,0,0,0,0,13,0,0,35,0,0,0,0,0,0),
	 (249,1,'VARONIL',1,'2024-07-23 20:00:00','ARRIBA',11,0,0,19,0,0,0,0,0,8,1,0,50,0,0,0,0,0,0),
	 (250,1,'MIXTO',1,'2024-07-23 18:00:00','ABAJO',20,0,0,33,0,0,0,0,0,21,1,0,50,0,0,0,0,0,0),
	 (251,1,'VARONIL',1,'2024-07-23 19:00:00','ABAJO',8,1,0,53,0,0,0,0,0,10,0,0,63,0,0,0,0,0,0),
	 (252,1,'VARONIL',1,'2024-07-23 20:00:00','ABAJO',13,0,0,25,0,0,0,0,0,10,1,0,50,0,0,0,0,0,0),
	 (253,1,'MIXTO',1,'2024-07-24 19:00:00','ARRIBA',16,0,0,48,0,0,0,0,0,19,1,0,59,0,0,0,0,0,0),
	 (254,1,'MIXTO',1,'2024-07-24 20:00:00','ARRIBA',18,1,0,50,0,0,0,0,0,22,0,0,29,0,0,0,0,0,0),
	 (255,1,'MIXTO',1,'2024-07-24 18:00:00','ABAJO',19,0,0,49,0,0,0,0,0,17,1,0,68,0,0,0,0,0,0),
	 (256,1,'MIXTO',1,'2024-07-24 19:00:00','ABAJO',24,0,0,22,0,0,0,0,0,18,1,0,50,0,0,0,0,0,0),
	 (257,1,'MIXTO',1,'2024-07-24 20:00:00','ABAJO',16,0,0,46,0,0,0,0,0,17,1,0,65,0,0,0,0,0,0),
	 (258,1,'FEMENIL',1,'2024-07-25 18:00:00','ARRIBA',5,0,0,48,0,0,0,0,0,1,1,0,52,0,0,0,0,0,0),
	 (259,1,'MIXTO',1,'2024-07-25 19:00:00','ARRIBA',21,0,0,55,0,0,0,0,0,19,1,0,58,0,0,0,0,0,0),
	 (260,1,'MIXTO',1,'2024-07-25 20:00:00','ARRIBA',21,0,0,58,0,0,0,0,0,25,1,0,64,0,0,0,0,0,0),
	 (261,1,'MIXTO',2,'2024-07-29 18:00:00','ARRIBA',23,0,0,64,0,0,0,0,0,25,1,0,60,0,0,0,0,0,0),
	 (262,1,'MIXTO',2,'2024-07-29 19:00:00','ARRIBA',23,1,0,58,0,0,0,0,0,18,0,0,58,0,0,0,0,0,0),
	 (263,1,'MIXTO',2,'2024-07-29 20:00:00','ARRIBA',24,0,0,41,0,0,0,0,0,20,1,0,53,0,0,0,0,0,0),
	 (264,1,'VARONIL',2,'2024-07-29 18:00:00','ABAJO',7,1,0,50,0,0,0,0,0,10,0,0,23,0,0,0,0,0,0),
	 (265,1,'VARONIL',2,'2024-07-29 19:00:00','ABAJO',9,0,0,54,0,0,0,0,0,7,1,0,65,0,0,0,0,0,0),
	 (266,1,'FEMENIL',2,'2024-07-29 20:00:00','ABAJO',2,0,0,46,0,0,0,0,0,3,1,0,51,0,0,0,0,0,0),
	 (267,1,'VARONIL',2,'2024-07-30 18:00:00','ARRIBA',11,1,0,62,0,0,0,0,0,13,0,0,55,0,0,0,0,0,0),
	 (268,1,'VARONIL',2,'2024-07-30 19:00:00','ARRIBA',11,0,0,57,0,0,0,0,0,10,1,0,62,0,0,0,0,0,0),
	 (269,1,'MIXTO',2,'2024-07-30 20:00:00','ARRIBA',20,1,0,50,0,0,0,0,0,16,0,0,45,0,0,0,0,0,0),
	 (270,1,'MIXTO',2,'2024-07-30 18:00:00','ABAJO',15,1,0,53,0,0,0,0,0,17,0,0,55,0,0,0,0,0,0),
	 (271,1,'MIXTO',2,'2024-07-30 19:00:00','ABAJO',25,1,0,66,0,0,0,0,0,16,0,0,64,0,0,0,0,0,0),
	 (272,1,'MIXTO',2,'2024-07-30 20:00:00','ABAJO',24,0,0,40,0,0,0,0,0,25,1,0,63,0,0,0,0,0,0),
	 (273,1,'VARONIL',2,'2024-07-31 18:00:00','ARRIBA',12,1,0,64,0,0,0,0,0,14,0,0,47,0,0,0,0,0,0),
	 (274,1,'VARONIL',2,'2024-07-31 19:00:00','ARRIBA',11,1,0,50,0,0,0,0,0,12,0,0,43,0,0,0,0,0,0),
	 (275,1,'MIXTO',2,'2024-07-31 20:00:00','ARRIBA',18,0,0,54,0,0,0,0,0,15,1,0,57,0,0,0,0,0,0),
	 (276,1,'VARONIL',2,'2024-07-31 19:00:00','ABAJO',8,0,0,54,0,0,0,0,0,6,1,0,52,0,0,0,0,0,0),
	 (277,1,'VARONIL',2,'2024-07-31 20:00:00','ABAJO',6,1,0,50,0,0,0,0,0,12,0,0,28,0,0,0,0,0,0),
	 (278,1,'VARONIL',2,'2024-08-01 18:00:00','ARRIBA',9,1,0,50,0,0,0,0,0,10,0,0,28,0,0,0,0,0,0),
	 (279,1,'VARONIL',2,'2024-08-01 19:00:00','ARRIBA',8,1,0,50,0,0,0,0,0,9,0,0,40,0,0,0,0,0,0),
	 (280,1,'VARONIL',2,'2024-08-01 20:00:00','ARRIBA',8,1,0,50,0,0,0,0,0,13,0,0,32,0,0,0,0,0,0),
	 (281,1,'MIXTO',2,'2024-08-02 19:00:00','ARRIBA',19,1,0,52,0,0,0,0,0,22,0,0,43,0,0,0,0,0,0),
	 (282,1,'MIXTO',2,'2024-08-02 20:00:00','ARRIBA',16,1,0,50,0,0,0,0,0,22,0,0,23,0,0,0,0,0,0),
	 (429,2,'FEMENIL',1,'2024-09-09 18:00:00','ARRIBA',33,1,2,50,25,25,0,0,0,28,0,0,6,5,1,0,0,0,0),
	 (430,2,'MIXTO',1,'2024-09-09 19:00:00','ARRIBA',55,1,2,50,25,25,0,0,0,48,0,0,33,12,21,0,0,0,0),
	 (431,2,'FEMENIL',1,'2024-09-09 20:00:00','ARRIBA',30,1,2,50,25,25,0,0,0,34,0,0,18,7,11,0,0,0,0),
	 (432,2,'VARONIL',1,'2024-09-09 18:00:00','ABAJO',42,1,2,50,25,25,0,0,0,36,0,0,23,7,16,0,0,0,0),
	 (433,2,'MIXTO',1,'2024-09-09 19:00:00','ABAJO',46,1,2,50,25,25,0,0,0,56,0,0,28,16,12,0,0,0,0),
	 (434,2,'FEMENIL',1,'2024-09-10 18:00:00','ARRIBA',32,1,2,50,25,25,0,0,0,27,0,0,30,12,18,0,0,0,0),
	 (435,2,'FEMENIL',1,'2024-09-10 19:00:00','ARRIBA',31,1,2,50,25,25,0,0,0,29,0,0,37,15,22,0,0,0,0),
	 (436,2,'VARONIL',1,'2024-09-10 18:00:00','ABAJO',41,1,2,50,25,25,0,0,0,40,0,0,0,0,0,0,0,0,1),
	 (437,2,'VARONIL',1,'2024-09-10 19:00:00','ABAJO',37,0,1,55,19,25,11,0,0,38,1,2,63,25,23,15,0,0,0),
	 (438,2,'MIXTO',1,'2024-09-10 20:00:00','ABAJO',54,1,2,50,25,25,0,0,0,57,0,0,36,22,14,0,0,0,0),
	 (439,2,'MIXTO',1,'2024-09-12 18:00:00','ARRIBA',49,0,1,47,17,25,5,0,0,53,1,2,63,25,23,15,0,0,0),
	 (458,2,'FEMENIL',2,'2024-09-16 18:00:00','ARRIBA',32,1,2,50,25,25,0,0,0,28,0,0,0,0,0,0,0,0,1),
	 (459,2,'VARONIL',2,'2024-09-16 19:00:00','ARRIBA',41,0,1,49,25,11,13,0,0,38,1,2,55,15,25,15,0,0,0),
	 (460,2,'MIXTO',2,'2024-09-16 20:00:00','ARRIBA',46,1,2,50,25,25,0,0,0,57,0,0,23,8,15,0,0,0,0),
	 (462,2,'VARONIL',2,'2024-09-16 19:00:00','ABAJO',43,1,2,54,26,12,16,0,0,36,0,1,63,24,25,14,0,0,0),
	 (463,2,'MIXTO',2,'2024-09-16 20:00:00','ABAJO',51,0,1,47,19,25,3,0,0,47,1,2,55,25,15,15,0,0,0),
	 (464,2,'VARONIL',2,'2024-09-17 18:00:00','ARRIBA',44,1,2,50,25,25,0,0,0,39,0,0,27,8,19,0,0,0,0),
	 (466,2,'FEMENIL',2,'2024-09-17 20:00:00','ARRIBA',31,1,2,50,25,25,0,0,0,34,0,0,31,15,16,0,0,0,0),
	 (468,2,'VARONIL',2,'2024-09-17 19:00:00','ABAJO',44,1,2,50,25,25,0,0,0,40,0,0,14,0,14,0,0,0,0),
	 (469,2,'VARONIL',2,'2024-09-17 20:00:00','ABAJO',42,1,2,50,25,25,0,0,0,39,0,0,36,18,18,0,0,0,0),
	 (470,2,'FEMENIL',2,'2024-09-18 18:00:00','ARRIBA',33,1,2,50,25,25,0,0,0,29,0,0,0,0,0,0,0,0,1),
	 (471,2,'MIXTO',2,'2024-09-18 19:00:00','ARRIBA',54,1,2,64,25,24,15,0,0,48,0,1,48,12,26,10,0,0,0),
	 (472,2,'MIXTO',2,'2024-09-18 20:00:00','ARRIBA',55,1,2,50,25,25,0,0,0,50,0,0,34,21,13,0,0,0,0),
	 (474,2,'MIXTO',2,'2024-09-18 19:00:00','ABAJO',51,0,1,56,25,18,13,0,0,53,1,2,53,13,25,15,0,0,0),
	 (475,2,'MIXTO',2,'2024-09-19 18:00:00','ARRIBA',49,1,2,50,25,25,0,0,0,58,0,0,30,19,11,0,0,0,0),
	 (477,2,'MIXTO',3,'2024-09-23 18:00:00','ARRIBA',52,1,2,50,25,25,0,0,0,50,0,0,23,12,11,0,0,0,0),
	 (478,2,'FEMENIL',3,'2024-09-23 19:00:00','ARRIBA',32,1,2,61,21,25,15,0,0,29,0,1,50,25,13,12,0,0,0),
	 (479,2,'MIXTO',3,'2024-09-23 20:00:00','ARRIBA',52,1,2,61,18,28,15,0,0,47,0,1,59,25,26,8,0,0,0),
	 (480,2,'MIXTO',3,'2024-09-23 18:00:00','ABAJO',55,1,2,62,22,25,15,0,0,47,0,1,56,25,22,9,0,0,0),
	 (481,2,'VARONIL',3,'2024-09-23 19:00:00','ABAJO',41,1,2,51,26,25,0,0,0,37,0,0,40,24,16,0,0,0,0),
	 (482,2,'MIXTO',3,'2024-09-23 20:00:00','ABAJO',46,1,2,64,24,25,15,0,0,48,0,1,60,26,21,13,0,0,0),
	 (483,2,'VARONIL',3,'2024-09-24 18:00:00','ARRIBA',38,1,2,40,0,25,15,0,0,39,0,1,55,25,21,9,0,0,0),
	 (485,2,'MIXTO',3,'2024-09-24 20:00:00','ARRIBA',55,1,2,50,25,25,0,0,0,53,0,0,32,17,15,0,0,0,0),
	 (486,2,'VARONIL',3,'2024-09-24 18:00:00','ABAJO',42,1,2,50,25,25,0,0,0,40,0,0,15,0,15,0,0,0,0),
	 (487,2,'VARONIL',3,'2024-09-24 19:00:00','ABAJO',42,1,2,50,25,25,0,0,0,38,0,0,28,13,15,0,0,0,0),
	 (488,2,'MIXTO',3,'2024-09-24 20:00:00','ABAJO',49,0,1,55,25,19,11,0,0,56,1,2,58,18,25,15,0,0,0),
	 (489,2,'FEMENIL',3,'2024-09-25 18:00:00','ARRIBA',30,1,2,50,25,25,0,0,0,27,0,0,37,21,16,0,0,0,0),
	 (490,2,'MIXTO',3,'2024-09-25 19:00:00','ARRIBA',54,1,2,50,25,25,0,0,0,50,0,0,25,9,16,0,0,0,0),
	 (491,2,'MIXTO',3,'2024-09-25 20:00:00','ARRIBA',46,1,2,50,25,25,0,0,0,50,0,0,31,11,20,0,0,0,0),
	 (492,2,'FEMENIL',3,'2024-09-25 18:00:00','ABAJO',33,1,2,50,25,25,0,0,0,34,0,0,19,11,8,0,0,0,0),
	 (493,2,'MIXTO',3,'2024-09-25 19:00:00','ABAJO',51,1,2,50,25,25,0,0,0,58,0,0,25,15,10,0,0,0,0),
	 (494,2,'MIXTO',3,'2024-09-25 20:00:00','ABAJO',51,1,2,60,25,20,15,0,0,49,0,1,57,22,25,10,0,0,0),
	 (498,2,'VARONIL',4,'2024-09-30 18:00:00','ARRIBA',43,1,2,50,25,25,0,0,0,40,0,0,35,15,20,0,0,0,0),
	 (499,2,'VARONIL',4,'2024-09-30 19:00:00','ARRIBA',43,1,2,51,25,26,0,0,0,39,0,0,32,8,24,0,0,0,0),
	 (500,2,'MIXTO',4,'2024-09-30 20:00:00','ARRIBA',51,1,2,63,25,23,15,0,0,56,0,1,49,12,25,12,0,0,0),
	 (501,2,'FEMENIL',4,'2024-09-30 18:00:00','ABAJO',31,1,2,50,25,25,0,0,0,30,0,0,37,17,20,0,0,0,0),
	 (502,2,'FEMENIL',4,'2024-09-30 19:00:00','ABAJO',32,1,2,50,25,25,0,0,0,34,0,0,25,17,8,0,0,0,0),
	 (503,2,'VARONIL',4,'2024-09-30 20:00:00','ABAJO',39,0,1,63,25,25,13,0,0,36,1,2,61,27,19,15,0,0,0),
	 (506,2,'VARONIL',4,'2024-10-01 20:00:00','ARRIBA',41,0,1,53,25,15,13,0,0,44,1,2,60,20,25,15,0,0,0),
	 (508,2,'VARONIL',4,'2024-10-01 19:00:00','ABAJO',44,0,0,50,29,21,0,0,0,38,1,2,56,31,25,0,0,0,0),
	 (509,2,'MIXTO',4,'2024-10-01 20:00:00','ABAJO',46,1,2,59,25,19,15,0,0,47,0,1,53,22,25,6,0,0,0),
	 (510,2,'MIXTO',4,'2024-10-02 18:00:00','ARRIBA',54,1,2,50,25,25,0,0,0,53,0,0,33,14,19,0,0,0,0),
	 (511,2,'VARONIL',4,'2024-10-02 19:00:00','ARRIBA',37,0,0,45,28,17,0,0,0,42,1,2,55,30,25,0,0,0,0),
	 (512,2,'MIXTO',4,'2024-10-02 20:00:00','ARRIBA',48,1,2,50,25,25,0,0,0,56,0,0,25,17,8,0,0,0,0),
	 (513,2,'MIXTO',4,'2024-10-02 18:00:00','ABAJO',57,0,0,15,0,15,0,0,0,48,1,2,50,25,25,0,0,0,0),
	 (514,2,'MIXTO',4,'2024-10-02 19:00:00','ABAJO',57,1,2,50,25,25,0,0,0,56,0,0,31,23,8,0,0,0,0),
	 (515,2,'MIXTO',4,'2024-10-02 20:00:00','ABAJO',55,1,2,50,25,25,0,0,0,58,0,0,27,18,9,0,0,0,0),
	 (517,2,'FEMENIL',4,'2024-10-03 19:00:00','ARRIBA',28,0,0,17,9,8,0,0,0,27,1,2,50,25,25,0,0,0,0),
	 (518,2,'MIXTO',5,'2024-10-07 18:00:00','ARRIBA',54,1,2,61,21,25,15,0,0,52,0,1,54,25,16,13,0,0,0),
	 (519,2,'MIXTO',5,'2024-10-07 19:00:00','ARRIBA',51,0,1,55,18,25,12,0,0,52,1,2,58,25,18,15,0,0,0),
	 (520,2,'MIXTO',5,'2024-10-07 20:00:00','ARRIBA',53,0,0,28,12,16,0,0,0,48,1,2,50,25,25,0,0,0,0),
	 (521,2,'MIXTO',5,'2024-10-07 21:00:00','ARRIBA',49,0,0,35,15,20,0,0,0,48,1,2,50,25,25,0,0,0,0),
	 (522,2,'MIXTO',5,'2024-10-07 18:00:00','ABAJO',55,1,2,63,25,23,15,0,0,51,0,1,48,19,25,4,0,0,0),
	 (523,2,'VARONIL',5,'2024-10-07 19:00:00','ABAJO',40,0,0,32,16,16,0,0,0,36,1,2,50,25,25,0,0,0,0),
	 (524,2,'MIXTO',5,'2024-10-07 20:00:00','ABAJO',49,0,1,55,25,20,10,0,0,50,1,2,61,21,25,15,0,0,0),
	 (526,2,'MIXTO',5,'2024-10-08 19:00:00','ARRIBA',46,0,0,0,0,0,0,0,0,70,1,2,50,25,25,0,0,0,1),
	 (527,2,'MIXTO',5,'2024-10-08 20:00:00','ARRIBA',70,0,1,47,14,25,8,0,0,54,1,2,60,25,20,15,0,0,0),
	 (528,2,'VARONIL',5,'2024-10-08 20:00:00','ARRIBA',42,1,2,50,25,25,0,0,0,41,0,0,0,0,0,0,0,0,1),
	 (529,2,'MIXTO',5,'2024-10-08 18:00:00','ABAJO',56,1,2,50,25,25,0,0,0,58,0,0,40,20,20,0,0,0,0),
	 (530,2,'VARONIL',5,'2024-10-09 18:00:00','ARRIBA',39,0,1,53,20,25,8,0,0,37,1,2,57,25,17,15,0,0,0),
	 (531,2,'MIXTO',5,'2024-10-09 19:00:00','ARRIBA',47,1,2,50,25,25,0,0,0,57,0,0,34,15,19,0,0,0,0),
	 (532,2,'FEMENIL',5,'2024-10-09 20:00:00','ARRIBA',27,1,2,50,25,25,0,0,0,29,0,0,0,0,0,0,0,0,1),
	 (533,2,'FEMENIL',5,'2024-10-09 18:00:00','ABAJO',30,0,0,26,8,18,0,0,0,33,1,2,50,25,25,0,0,0,0),
	 (534,2,'FEMENIL',5,'2024-10-09 19:00:00','ABAJO',34,1,2,50,25,25,0,0,0,28,0,0,28,13,15,0,0,0,0),
	 (535,2,'MIXTO',5,'2024-10-10 18:00:00','ABAJO',53,0,1,56,22,25,9,0,0,50,1,2,53,25,13,15,0,0,0),
	 (536,2,'MIXTO',5,'2024-10-10 19:00:00','ABAJO',46,1,2,50,25,25,0,0,0,58,0,0,13,6,7,0,0,0,0),
	 (557,2,'VARONIL',6,'2024-10-14 18:00:00','ARRIBA',44,1,2,50,25,25,0,0,0,36,0,0,18,8,10,0,0,0,0),
	 (558,2,'VARONIL',6,'2024-10-14 19:00:00','ARRIBA',44,1,2,60,25,20,15,0,0,37,0,1,53,21,25,7,0,0,0),
	 (559,2,'MIXTO',6,'2024-10-14 20:00:00','ARRIBA',50,0,0,42,11,31,0,0,0,48,1,2,58,25,33,0,0,0,0),
	 (560,2,'MIXTO',6,'2024-10-14 21:00:00','ARRIBA',49,0,0,31,9,22,0,0,0,47,1,2,50,25,25,0,0,0,0),
	 (561,2,'MIXTO',6,'2024-10-14 18:00:00','ABAJO',54,0,0,46,22,24,0,0,0,51,1,2,51,25,26,0,0,0,0),
	 (562,2,'FEMENIL',6,'2024-10-14 19:00:00','ABAJO',29,1,2,50,25,25,0,0,0,34,0,0,22,15,7,0,0,0,0),
	 (563,2,'MIXTO',6,'2024-10-14 20:00:00','ABAJO',47,1,2,58,25,18,15,0,0,53,0,1,50,17,25,8,0,0,0),
	 (564,2,'MIXTO',6,'2024-10-15 18:00:00','ARRIBA',46,1,2,58,18,25,15,0,0,54,0,1,54,25,20,9,0,0,0),
	 (565,2,'VARONIL',6,'2024-10-15 19:00:00','ARRIBA',43,1,2,53,27,26,0,0,0,38,0,0,49,25,24,0,0,0,0),
	 (566,2,'VARONIL',6,'2024-10-15 20:00:00','ARRIBA',43,0,1,56,25,21,10,0,0,42,1,2,60,20,25,15,0,0,0),
	 (567,2,'MIXTO',6,'2024-10-15 21:00:00','ARRIBA',56,0,1,55,16,28,11,0,0,70,1,2,66,25,26,15,0,0,0),
	 (568,2,'MIXTO',6,'2024-10-15 18:00:00','ABAJO',70,0,1,61,25,23,13,0,0,48,1,2,40,0,25,15,0,0,0),
	 (569,2,'MIXTO',6,'2024-10-15 19:00:00','ABAJO',70,1,2,51,26,25,0,0,0,51,0,0,37,24,13,0,0,0,0),
	 (570,2,'MIXTO',6,'2024-10-15 20:00:00','ABAJO',70,0,0,30,16,14,0,0,0,55,1,2,50,25,25,0,0,0,0),
	 (571,2,'MIXTO',6,'2024-10-16 18:00:00','ARRIBA',57,0,1,45,25,10,10,0,0,49,1,2,56,16,25,15,0,0,0),
	 (572,2,'MIXTO',6,'2024-10-16 19:00:00','ARRIBA',50,1,2,50,25,25,0,0,0,58,0,0,32,11,21,0,0,0,0),
	 (573,2,'VARONIL',6,'2024-10-16 20:00:00','ARRIBA',41,1,2,50,25,25,0,0,0,39,0,0,26,18,8,0,0,0,0),
	 (574,2,'FEMENIL',6,'2024-10-16 18:00:00','ABAJO',33,1,2,54,25,29,0,0,0,32,0,0,45,18,27,0,0,0,0),
	 (575,2,'MIXTO',6,'2024-10-16 19:00:00','ABAJO',57,0,1,48,25,19,4,0,0,55,1,2,40,0,25,15,0,0,0),
	 (576,2,'FEMENIL',5,'2024-10-08 18:00:00','ARRIBA',32,0,0,0,0,0,0,0,0,31,1,2,50,25,25,0,0,0,1),
	 (577,2,'MIXTO',7,'2024-10-21 18:00:00','ARRIBA',46,0,0,38,19,19,0,0,0,52,1,2,50,25,25,0,0,0,0),
	 (578,2,'MIXTO',7,'2024-10-21 19:00:00','ARRIBA',55,1,2,67,25,27,15,0,0,52,0,1,59,22,29,8,0,0,0),
	 (579,2,'MIXTO',7,'2024-10-21 20:00:00','ARRIBA',52,0,1,60,21,25,14,0,0,48,1,2,57,25,16,16,0,0,0),
	 (580,2,'MIXTO',7,'2024-10-21 21:00:00','ARRIBA',56,0,0,37,14,23,0,0,0,53,1,2,50,25,25,0,0,0,0),
	 (581,2,'MIXTO',7,'2024-10-21 18:00:00','ABAJO',54,1,2,62,25,22,15,0,0,49,0,1,56,18,25,13,0,0,0),
	 (582,2,'MIXTO',7,'2024-10-21 19:00:00','ABAJO',47,0,1,53,18,25,10,0,0,54,1,2,60,25,20,15,0,0,0),
	 (583,2,'MIXTO',7,'2024-10-21 20:00:00','ABAJO',47,1,2,50,25,25,0,0,0,58,0,0,28,13,15,0,0,0,0),
	 (584,2,'FEMENIL',7,'2024-10-22 18:00:00','ARRIBA',27,0,1,43,25,11,7,0,0,31,1,2,62,22,25,15,0,0,0),
	 (585,2,'FEMENIL',7,'2024-10-22 19:00:00','ARRIBA',33,1,2,51,26,25,0,0,0,31,0,0,44,24,20,0,0,0,0),
	 (586,2,'MIXTO',7,'2024-10-22 20:00:00','ARRIBA',49,1,2,50,25,25,0,0,0,70,0,0,35,18,17,0,0,0,0),
	 (587,2,'MIXTO',7,'2024-10-22 21:00:00','ARRIBA',53,1,2,50,25,25,0,0,0,70,0,0,43,21,22,0,0,0,0),
	 (588,2,'VARONIL',7,'2024-10-22 18:00:00','ABAJO',40,0,0,24,12,12,0,0,0,38,1,2,50,25,25,0,0,0,0),
	 (589,2,'VARONIL',7,'2024-10-22 19:00:00','ABAJO',37,0,1,46,25,15,6,0,0,36,1,2,60,20,25,15,0,0,0),
	 (590,2,'VARONIL',7,'2024-10-22 20:00:00','ABAJO',36,0,0,33,17,16,0,0,0,41,1,2,50,25,25,0,0,0,0),
	 (591,2,'MIXTO',7,'2024-10-23 18:00:00','ARRIBA',50,0,0,38,14,24,0,0,0,57,1,2,51,25,26,0,0,0,0),
	 (592,2,'FEMENIL',7,'2024-10-23 19:00:00','ARRIBA',30,1,2,51,25,26,0,0,0,29,0,0,47,23,24,0,0,0,0),
	 (593,2,'FEMENIL',7,'2024-10-23 20:00:00','ARRIBA',30,1,2,50,25,25,0,0,0,28,0,0,14,6,8,0,0,0,0),
	 (594,2,'MIXTO',7,'2024-10-23 21:00:00','ARRIBA',47,1,2,50,25,25,0,0,0,57,0,0,38,22,16,0,0,0,0),
	 (595,2,'MIXTO',7,'2024-10-23 18:00:00','ABAJO',46,1,2,50,25,25,0,0,0,55,0,0,40,18,22,0,0,0,0),
	 (596,2,'VARONIL',8,'2024-10-28 18:00:00','ARRIBA',44,0,1,57,25,22,10,0,0,42,1,2,63,23,25,15,0,0,0),
	 (597,2,'VARONIL',8,'2024-10-28 19:00:00','ARRIBA',43,0,0,42,21,21,0,0,0,44,1,2,50,25,25,0,0,0,0),
	 (598,2,'VARONIL',8,'2024-10-28 20:00:00','ARRIBA',43,1,2,50,25,25,0,0,0,37,0,0,37,21,16,0,0,0,0),
	 (599,2,'MIXTO',8,'2024-10-28 18:00:00','ABAJO',51,1,2,50,25,25,0,0,0,50,0,0,39,22,17,0,0,0,0),
	 (600,2,'MIXTO',8,'2024-10-28 19:00:00','ABAJO',54,1,2,50,25,25,0,0,0,56,0,0,35,16,19,0,0,0,0),
	 (601,2,'MIXTO',8,'2024-10-28 20:00:00','ABAJO',46,1,2,50,25,25,0,0,0,51,0,0,38,19,19,0,0,0,0),
	 (602,2,'MIXTO',8,'2024-10-29 18:00:00','ARRIBA',58,0,0,20,9,11,0,0,0,70,1,2,50,25,25,0,0,0,0),
	 (603,2,'MIXTO',8,'2024-10-29 19:00:00','ARRIBA',52,1,2,50,25,25,0,0,0,49,0,0,36,14,22,0,0,0,0),
	 (604,2,'MIXTO',8,'2024-10-29 20:00:00','ARRIBA',52,1,2,50,25,25,0,0,0,58,0,0,27,13,14,0,0,0,0),
	 (605,2,'MIXTO',8,'2024-10-29 21:00:00','ARRIBA',55,0,0,38,16,22,0,0,0,54,1,2,50,25,25,0,0,0,0),
	 (606,2,'MIXTO',8,'2024-10-29 18:00:00','ABAJO',52,1,2,53,25,13,15,0,0,53,0,1,48,14,25,9,0,0,0),
	 (607,2,'MIXTO',8,'2024-10-29 19:00:00','ABAJO',57,0,0,33,18,15,0,0,0,70,1,2,50,25,25,0,0,0,0),
	 (608,2,'MIXTO',8,'2024-10-29 20:00:00','ABAJO',57,1,2,59,25,19,15,0,0,53,0,1,55,21,25,9,0,0,0),
	 (609,2,'FEMENIL',8,'2024-10-30 18:00:00','ARRIBA',32,0,0,0,0,0,0,0,0,30,1,2,50,25,25,0,0,0,1),
	 (610,2,'FEMENIL',8,'2024-10-30 19:00:00','ARRIBA',29,1,2,50,25,25,0,0,0,28,0,0,0,0,0,0,0,0,1),
	 (611,2,'FEMENIL',8,'2024-10-30 20:00:00','ARRIBA',27,0,0,37,19,18,0,0,0,33,1,2,50,25,25,0,0,0,0),
	 (612,2,'MIXTO',8,'2024-10-30 21:00:00','ARRIBA',47,1,2,50,25,25,0,0,0,48,0,0,46,23,23,0,0,0,0),
	 (613,2,'VARONIL',8,'2024-10-30 19:00:00','ABAJO',40,0,1,44,9,25,10,0,0,39,1,2,62,25,22,15,0,0,0),
	 (614,2,'MIXTO',8,'2024-10-30 20:00:00','ABAJO',57,1,2,50,25,25,0,0,0,58,0,0,22,9,13,0,0,0,0),
	 (615,2,'MIXTO',9,'2024-11-04 17:30:00','ARRIBA',54,1,2,62,22,25,15,0,0,70,0,1,46,25,15,6,0,0,0),
	 (616,2,'FEMENIL',9,'2024-11-04 18:30:00','ARRIBA',31,1,2,50,25,25,0,0,0,28,0,0,15,12,3,0,0,0,0),
	 (617,2,'MIXTO',9,'2024-11-04 19:30:00','ARRIBA',51,0,0,42,19,23,0,0,0,57,1,2,50,25,25,0,0,0,0),
	 (618,2,'MIXTO',9,'2024-11-04 20:30:00','ARRIBA',47,1,2,62,25,22,15,0,0,50,0,1,54,20,25,9,0,0,0),
	 (619,2,'MIXTO',9,'2024-11-04 17:30:00','ABAJO',51,0,0,38,19,19,0,0,0,48,1,2,50,25,25,0,0,0,0),
	 (620,2,'FEMENIL',9,'2024-11-04 18:30:00','ABAJO',27,1,2,50,25,25,0,0,0,34,0,0,36,17,19,0,0,0,0),
	 (621,2,'MIXTO',9,'2024-11-04 19:30:00','ABAJO',47,1,2,58,18,25,15,0,0,70,0,1,47,25,16,6,0,0,0),
	 (622,2,'MIXTO',9,'2024-11-05 17:30:00','ARRIBA',48,1,2,50,25,25,0,0,0,58,0,0,35,18,17,0,0,0,0),
	 (623,2,'VARONIL',9,'2024-11-05 18:30:00','ARRIBA',43,1,2,61,21,25,15,0,0,41,0,1,52,25,18,9,0,0,0),
	 (624,2,'MIXTO',9,'2024-11-05 19:30:00','ARRIBA',46,1,2,62,22,25,15,0,0,53,0,1,55,25,22,8,0,0,0),
	 (625,2,'MIXTO',9,'2024-11-05 17:30:00','ABAJO',46,1,2,50,25,25,0,0,0,49,0,0,30,11,19,0,0,0,0),
	 (626,2,'MIXTO',9,'2024-11-05 18:30:00','ABAJO',50,0,0,25,14,11,0,0,0,56,1,2,50,25,25,0,0,0,0),
	 (627,2,'VARONIL',9,'2024-11-05 19:30:00','ABAJO',37,1,2,50,25,25,0,0,0,40,0,0,39,21,18,0,0,0,0),
	 (628,2,'MIXTO',9,'2024-11-06 17:30:00','ARRIBA',52,1,2,50,25,25,0,0,0,56,0,0,31,12,19,0,0,0,0),
	 (629,2,'MIXTO',9,'2024-11-06 18:30:00','ARRIBA',52,1,2,50,25,25,0,0,0,57,0,0,38,19,19,0,0,0,0),
	 (630,2,'MIXTO',9,'2024-11-06 19:30:00','ARRIBA',52,1,2,52,25,27,0,0,0,70,0,0,47,22,25,0,0,0,0),
	 (631,2,'VARONIL',9,'2024-11-06 17:30:00','ABAJO',36,0,1,53,17,25,11,0,0,38,1,2,62,25,22,15,0,0,0),
	 (632,2,'MIXTO',9,'2024-11-06 18:30:00','ABAJO',50,0,0,28,13,15,0,0,0,70,1,2,50,25,25,0,0,0,0),
	 (633,2,'MIXTO',9,'2024-11-06 19:30:00','ABAJO',55,1,2,50,25,25,0,0,0,49,0,0,33,19,14,0,0,0,0),
	 (634,2,'FEMENIL',9,'2024-11-07 17:30:00','ABAJO',27,1,2,50,25,25,0,0,0,28,0,0,14,7,7,0,0,0,0),
	 (635,2,'MIXTO',9,'2024-11-07 18:30:00','ABAJO',54,1,2,50,25,25,0,0,0,58,0,0,37,17,20,0,0,0,0),
	 (636,2,'MIXTO',9,'2024-11-07 19:30:00','ABAJO',55,1,2,50,25,25,0,0,0,56,0,0,25,12,13,0,0,0,0),
	 (637,2,'MIXTO',9,'2024-11-08 18:00:00','ABAJO',53,1,2,58,25,18,15,0,0,58,0,1,43,7,25,11,0,0,0),
	 (642,2,'MIXTO',10,'2024-11-19 17:30:00','ARRIBA',49,0,0,30,21,9,0,0,0,70,1,2,50,25,25,0,0,0,0),
	 (643,2,'MIXTO',10,'2024-11-19 18:30:00','ARRIBA',53,0,0,22,9,13,0,0,0,70,1,2,50,25,25,0,0,0,0),
	 (645,2,'FEMENIL',10,'2024-11-19 20:30:00','ARRIBA',29,1,2,50,25,25,0,0,0,28,0,0,11,7,4,0,0,0,0),
	 (646,2,'MIXTO',10,'2024-11-19 17:30:00','ABAJO',47,1,2,50,25,25,0,0,0,50,0,0,24,11,13,0,0,0,0),
	 (647,2,'MIXTO',10,'2024-11-19 18:30:00','ABAJO',47,1,2,59,25,19,15,0,0,56,0,1,48,10,25,13,0,0,0),
	 (648,2,'MIXTO',10,'2024-11-19 19:30:00','ABAJO',50,0,0,23,10,13,0,0,0,56,1,2,50,25,25,0,0,0,0),
	 (649,2,'FEMENIL',10,'2024-11-20 17:30:00','ARRIBA',32,0,0,0,0,0,0,0,0,33,1,2,50,25,25,0,0,0,1),
	 (650,2,'MIXTO',10,'2024-11-20 18:30:00','ARRIBA',57,1,2,50,25,25,0,0,0,58,0,0,21,15,6,0,0,0,0),
	 (651,2,'MIXTO',10,'2024-11-20 20:30:00','ARRIBA',48,1,2,50,25,25,0,0,0,58,0,0,31,19,12,0,0,0,0),
	 (652,2,'VARONIL',10,'2024-11-20 17:30:00','ABAJO',36,1,2,50,25,25,0,0,0,40,0,0,34,13,21,0,0,0,0),
	 (653,2,'VARONIL',10,'2024-11-20 18:30:00','ABAJO',37,0,0,40,21,19,0,0,0,41,1,2,50,25,25,0,0,0,0),
	 (654,2,'VARONIL',10,'2024-11-20 19:30:00','ABAJO',38,0,1,52,25,20,7,0,0,41,1,2,63,23,25,15,0,0,0),
	 (655,2,'FEMENIL',10,'2024-11-21 17:30:00','ABAJO',27,1,2,50,25,25,0,0,0,34,0,0,24,12,12,0,0,0,0),
	 (656,2,'MIXTO',10,'2024-11-21 18:30:00','ABAJO',46,1,2,40,0,25,15,0,0,55,0,1,60,25,23,12,0,0,0),
	 (657,2,'VARONIL',10,'2024-11-21 19:30:00','ABAJO',39,0,0,19,9,10,0,0,0,42,1,2,50,25,25,0,0,0,0),
	 (658,2,'MIXTO',10,'2024-11-20 19:30:00','ARRIBA',48,0,0,32,12,20,0,0,0,57,1,2,50,25,25,0,0,0,0),
	 (677,2,'MIXTO',11,'2024-11-25 17:30:00','ARRIBA',46,0,1,56,25,22,9,0,0,54,1,2,56,16,25,15,0,0,0),
	 (678,2,'MIXTO',11,'2024-11-25 18:30:00','ARRIBA',54,1,2,60,20,25,15,0,0,52,0,1,57,25,21,11,0,0,0),
	 (679,2,'MIXTO',11,'2024-11-25 19:30:00','ARRIBA',51,0,0,45,24,21,0,0,0,52,1,2,51,26,25,0,0,0,0),
	 (680,2,'MIXTO',11,'2024-11-25 20:30:00','ARRIBA',51,0,0,38,16,22,0,0,0,49,1,2,50,25,25,0,0,0,0),
	 (681,2,'MIXTO',11,'2024-11-25 17:30:00','ABAJO',53,0,1,49,17,25,7,0,0,52,1,2,62,25,22,15,0,0,0),
	 (682,2,'MIXTO',11,'2024-11-25 18:30:00','ABAJO',46,1,2,50,25,25,0,0,0,51,0,0,38,17,21,0,0,0,0),
	 (683,2,'VARONIL',11,'2024-11-25 19:30:00','ABAJO',42,1,2,50,25,25,0,0,0,36,0,0,35,17,18,0,0,0,0),
	 (684,2,'FEMENIL',11,'2024-11-26 17:30:00','ARRIBA',31,0,1,49,10,29,10,0,0,29,1,2,67,25,27,15,0,0,0),
	 (685,2,'FEMENIL',11,'2024-11-26 18:30:00','ARRIBA',31,0,0,34,21,13,0,0,0,30,1,2,50,25,25,0,0,0,0),
	 (686,2,'VARONIL',11,'2024-11-26 19:30:00','ARRIBA',43,1,2,53,25,28,0,0,0,37,0,0,47,21,26,0,0,0,0),
	 (687,2,'MIXTO',11,'2024-11-26 20:30:00','ARRIBA',70,1,2,62,25,22,15,0,0,48,0,1,60,22,25,13,0,0,0),
	 (688,2,'VARONIL',11,'2024-11-26 17:30:00','ABAJO',44,1,2,50,25,25,0,0,0,38,0,0,12,0,12,0,0,0,0),
	 (689,2,'VARONIL',11,'2024-11-26 18:30:00','ABAJO',43,0,1,52,21,25,6,0,0,44,1,2,58,25,18,15,0,0,0),
	 (690,2,'MIXTO',11,'2024-11-26 19:30:00','ABAJO',70,1,2,50,25,25,0,0,0,58,0,0,17,8,9,0,0,0,0),
	 (691,2,'FEMENIL',11,'2024-11-27 17:30:00','ARRIBA',33,1,2,50,25,25,0,0,0,27,0,0,39,20,19,0,0,0,0),
	 (692,2,'FEMENIL',11,'2024-11-27 18:30:00','ARRIBA',32,1,2,50,25,25,0,0,0,34,0,0,20,9,11,0,0,0,0),
	 (693,2,'FEMENIL',11,'2024-11-27 19:30:00','ARRIBA',30,1,2,50,25,25,0,0,0,28,0,0,16,8,8,0,0,0,0),
	 (694,2,'MIXTO',11,'2024-11-27 20:30:00','ARRIBA',57,1,2,50,25,25,0,0,0,56,0,0,40,23,17,0,0,0,0),
	 (695,2,'MIXTO',11,'2024-11-27 17:30:00','ABAJO',50,1,2,50,25,25,0,0,0,58,0,0,32,16,16,0,0,0,0),
	 (696,2,'MIXTO',11,'2024-11-27 18:30:00','ABAJO',57,1,2,53,25,28,0,0,0,53,0,0,40,14,26,0,0,0,0),
	 (697,2,'MIXTO',11,'2024-11-27 19:30:00','ABAJO',56,1,2,66,25,16,25,0,0,49,0,1,65,17,25,23,0,0,0),
	 (698,2,'MIXTO',11,'2024-11-28 17:30:00','ABAJO',54,0,0,43,26,17,0,0,0,55,1,2,53,28,25,0,0,0,0),
	 (699,2,'MIXTO',11,'2024-11-28 18:30:00','ABAJO',55,0,0,34,17,17,0,0,0,48,1,2,50,25,25,0,0,0,0),
	 (700,2,'MIXTO',11,'2024-11-28 19:30:00','ABAJO',48,1,2,50,25,25,0,0,0,53,0,0,40,18,22,0,0,0,0),
	 (701,2,'MIXTO',11,'2024-11-29 19:00:00','ABAJO',53,1,2,51,25,26,0,0,0,47,0,0,24,0,24,0,0,0,0),
	 (702,2,'MIXTO',11,'2024-11-29 20:00:00','ABAJO',47,1,2,50,25,25,0,0,0,49,0,0,28,16,12,0,0,0,0),
	 (703,2,'MIXTO',12,'2024-12-02 17:30:00','ARRIBA',56,1,2,59,25,18,16,0,0,51,0,1,52,13,25,14,0,0,0),
	 (704,2,'MIXTO',12,'2024-12-02 17:30:00','ABAJO',52,1,2,65,27,23,15,0,0,55,0,1,60,25,25,10,0,0,0),
	 (705,2,'MIXTO',12,'2024-12-02 18:30:00','ARRIBA',47,1,2,50,25,25,0,0,0,51,0,0,35,15,20,0,0,0,0),
	 (706,2,'MIXTO',12,'2024-12-02 19:30:00','ARRIBA',47,0,1,60,26,27,7,0,0,55,1,2,68,24,29,15,0,0,0),
	 (707,2,'MIXTO',12,'2024-12-02 19:30:00','ABAJO',52,1,2,51,26,25,0,0,0,48,0,0,45,24,21,0,0,0,0),
	 (708,2,'FEMENIL',12,'2024-12-02 20:30:00','ARRIBA',30,1,2,50,25,25,0,0,0,27,0,0,36,13,23,0,0,0,0),
	 (709,2,'MIXTO',12,'2024-12-03 17:30:00','ARRIBA',55,1,2,50,25,25,0,0,0,70,0,0,0,0,0,0,0,0,1),
	 (710,2,'MIXTO',12,'2024-12-03 17:30:00','ABAJO',49,1,2,50,25,25,0,0,0,48,0,0,0,0,0,0,0,0,1),
	 (711,2,'MIXTO',12,'2024-12-03 18:30:00','ARRIBA',70,0,0,45,21,24,0,0,0,46,1,2,51,25,26,0,0,0,0),
	 (712,2,'VARONIL',12,'2024-12-03 18:30:00','ABAJO',39,1,2,60,25,20,15,0,0,38,0,1,55,22,25,8,0,0,0),
	 (713,2,'MIXTO',12,'2024-12-03 19:30:00','ARRIBA',70,0,1,65,25,22,18,0,0,56,1,2,63,18,25,20,0,0,0),
	 (714,2,'VARONIL',12,'2024-12-03 19:30:00','ABAJO',41,1,2,61,25,21,15,0,0,39,0,1,53,17,25,11,0,0,0),
	 (715,2,'VARONIL',12,'2024-12-03 20:30:00','ARRIBA',42,1,2,50,25,25,0,0,0,37,0,0,34,13,21,0,0,0,0),
	 (716,2,'FEMENIL',12,'2024-12-04 17:30:00','ARRIBA',32,1,2,50,25,25,0,0,0,29,0,0,46,23,23,0,0,0,0),
	 (717,2,'MIXTO',12,'2024-12-04 18:30:00','ARRIBA',49,0,0,24,10,14,0,0,0,57,1,2,50,25,25,0,0,0,0),
	 (718,2,'MIXTO',12,'2024-12-04 19:30:00','ARRIBA',50,1,2,50,25,25,0,0,0,57,0,0,37,21,16,0,0,0,0),
	 (719,2,'VARONIL',12,'2024-12-04 20:30:00','ARRIBA',41,1,2,50,25,25,0,0,0,40,0,0,34,15,19,0,0,0,0),
	 (720,2,'MIXTO',12,'2024-12-05 17:30:00','ABAJO',58,0,0,31,15,16,0,0,0,54,1,2,50,25,25,0,0,0,0),
	 (721,2,'MIXTO',12,'2024-12-05 18:30:00','ABAJO',54,1,2,50,25,25,0,0,0,53,0,0,40,17,23,0,0,0,0),
	 (722,2,'MIXTO',12,'2024-12-06 17:30:00','ABAJO',50,0,0,27,10,17,0,0,0,48,1,2,50,25,25,0,0,0,0),
	 (723,2,'MIXTO',12,'2024-12-02 18:30:00','ABAJO',46,0,0,41,17,24,0,0,0,52,1,2,51,25,26,0,0,0,0),
	 (724,2,'MIXTO',13,'2024-12-09 17:30:00','ARRIBA',55,1,2,59,25,19,15,0,0,51,0,1,44,11,25,8,0,0,0),
	 (725,2,'MIXTO',13,'2024-12-09 17:30:00','ABAJO',54,1,2,40,0,25,15,0,0,56,0,1,57,25,23,9,0,0,0),
	 (726,2,'MIXTO',13,'2024-12-09 18:30:00','ARRIBA',51,1,2,50,25,25,0,0,0,53,0,0,32,17,15,0,0,0,0),
	 (727,2,'MIXTO',13,'2024-12-09 18:30:00','ABAJO',47,0,0,36,22,14,0,0,0,54,1,2,50,25,25,0,0,0,0),
	 (728,2,'FEMENIL',13,'2024-12-09 19:30:00','ARRIBA',32,1,2,50,25,25,0,0,0,27,0,0,28,20,8,0,0,0,0),
	 (729,2,'MIXTO',13,'2024-12-09 19:30:00','ABAJO',56,1,2,50,25,25,0,0,0,58,0,0,38,15,23,0,0,0,0),
	 (730,2,'VARONIL',13,'2024-12-09 20:30:00','ARRIBA',37,1,2,62,20,27,15,0,0,38,0,1,63,25,25,13,0,0,0),
	 (731,2,'VARONIL',13,'2024-12-10 17:30:00','ARRIBA',44,0,1,40,25,15,0,0,0,41,1,2,58,18,25,15,0,0,0),
	 (732,2,'VARONIL',13,'2024-12-10 18:30:00','ARRIBA',44,0,0,0,0,0,0,0,0,39,1,2,50,25,25,0,0,0,1),
	 (733,2,'VARONIL',13,'2024-12-10 19:30:00','ARRIBA',43,0,1,47,11,25,11,0,0,36,1,2,63,25,23,15,0,0,0),
	 (734,2,'VARONIL',13,'2024-12-10 20:30:00','ARRIBA',43,1,2,50,25,25,0,0,0,40,0,0,16,0,16,0,0,0,0),
	 (735,2,'MIXTO',13,'2024-12-11 17:30:00','ARRIBA',53,1,2,50,25,25,0,0,0,50,0,0,40,21,19,0,0,0,0),
	 (736,2,'MIXTO',13,'2024-12-11 17:30:00','ABAJO',55,0,0,40,18,22,0,0,0,57,1,2,50,25,25,0,0,0,0),
	 (737,2,'FEMENIL',13,'2024-12-11 18:30:00','ARRIBA',34,0,0,0,0,0,0,0,0,28,0,0,0,0,0,0,0,0,1),
	 (738,2,'MIXTO',13,'2024-12-11 18:30:00','ABAJO',46,0,1,58,25,24,9,0,0,57,1,2,59,18,26,15,0,0,0),
	 (739,2,'FEMENIL',13,'2024-12-11 19:30:00','ARRIBA',30,0,0,29,14,15,0,0,0,29,1,2,50,25,25,0,0,0,0),
	 (740,2,'MIXTO',13,'2024-12-11 19:30:00','ABAJO',46,1,2,50,25,25,0,0,0,49,0,0,40,18,22,0,0,0,0),
	 (741,2,'FEMENIL',13,'2024-12-11 20:30:00','ARRIBA',33,0,0,43,23,20,0,0,0,30,1,2,50,25,25,0,0,0,0),
	 (742,2,'MIXTO',14,'2024-12-16 17:30:00','ARRIBA',52,1,2,50,25,25,0,0,0,50,0,0,17,0,17,0,0,0,0),
	 (743,2,'MIXTO',14,'2024-12-16 17:30:00','ABAJO',56,0,0,0,0,0,0,0,0,54,0,0,0,0,0,0,0,0,0),
	 (744,2,'MIXTO',14,'2024-12-16 18:30:00','ARRIBA',52,1,2,50,25,25,0,0,0,56,0,0,36,15,21,0,0,0,0),
	 (745,2,'MIXTO',14,'2024-12-16 18:30:00','ABAJO',51,1,2,42,0,27,15,0,0,50,0,1,61,25,25,11,0,0,0),
	 (746,2,'VARONIL',14,'2024-12-16 19:30:00','ARRIBA',42,0,0,46,24,22,0,0,0,41,1,2,51,26,25,0,0,0,0),
	 (747,2,'MIXTO',14,'2024-12-16 19:30:00','ABAJO',52,1,2,50,25,25,0,0,0,58,0,0,21,0,21,0,0,0,0),
	 (748,2,'VARONIL',14,'2024-12-16 20:30:00','ARRIBA',42,1,2,50,25,25,0,0,0,40,0,0,18,8,10,0,0,0,1),
	 (749,2,'FEMENIL',14,'2024-12-17 17:30:00','ARRIBA',33,1,2,40,0,25,15,0,0,31,0,0,19,0,11,8,0,0,0),
	 (750,2,'FEMENIL',14,'2024-12-17 17:30:00','ABAJO',27,0,0,32,15,17,0,0,0,29,1,2,50,25,25,0,0,0,0),
	 (751,2,'MIXTO',14,'2024-12-17 18:30:00','ARRIBA',47,1,2,50,25,25,0,0,0,58,0,0,0,0,0,0,0,0,1),
	 (752,2,'MIXTO',14,'2024-12-17 18:30:00','ABAJO',57,1,2,50,25,25,0,0,0,54,0,0,22,0,22,0,0,0,0),
	 (753,2,'VARONIL',14,'2024-12-17 19:30:00','ARRIBA',38,0,0,32,20,12,0,0,0,36,1,2,50,25,25,0,0,0,0),
	 (754,2,'MIXTO',14,'2024-12-17 19:30:00','ABAJO',53,0,0,0,0,0,0,0,0,49,0,0,0,0,0,0,0,0,0),
	 (755,2,'VARONIL',14,'2024-12-17 20:30:00','ARRIBA',39,0,0,0,0,0,0,0,0,37,0,0,0,0,0,0,0,0,1),
	 (756,2,'MIXTO',14,'2024-12-18 17:30:00','ARRIBA',46,1,2,64,26,23,15,0,0,47,0,1,55,24,25,6,0,0,0),
	 (757,2,'FEMENIL',14,'2024-12-18 17:30:00','ABAJO',33,1,2,50,25,25,0,0,0,34,0,0,30,9,21,0,0,0,0),
	 (758,2,'MIXTO',14,'2024-12-18 18:30:00','ARRIBA',46,1,2,55,26,14,15,0,0,48,0,1,58,24,25,9,0,0,0),
	 (759,2,'MIXTO',14,'2024-12-18 18:30:00','ABAJO',55,0,0,0,0,0,0,0,0,49,1,2,50,25,25,0,0,0,1),
	 (760,2,'FEMENIL',14,'2024-12-18 19:30:00','ARRIBA',30,0,1,55,25,24,6,0,0,32,1,2,50,9,26,15,0,0,0);
	
	
-- PLAYERS
INSERT INTO players (player_id,team_id,name,last_name,`number`) VALUES
	 (1,49,'MARIO','CONTRERAS',10),
	 (2,49,'PERLA','SALAMANCA',15),
	 (3,49,'LIZANDRA','SANDOVAL',13),
	 (4,49,'YADIRA','CONTRERAS',6),
	 (5,49,'COALIA','CONTRERAS',9),
	 (6,49,'MAYRA','VILLALVAZO',3),
	 (7,49,'ALI ZAID','GARAY',21),
	 (8,49,'QUETZAL','TORRES',14),
	 (9,49,'MARCO','IVAN',2),
	 (10,70,'CONY','CHAVEZ',28),
	 (11,70,'MARIA','CERROS',5),
	 (12,70,'CRISTIAN','SANDOVAL',6),
	 (13,70,'GISELLE','RENTERIA',31),
	 (14,70,'ROBERTO','BETANCOT',4),
	 (15,70,'KARLA','BARAJAS',30),
	 (16,70,'JOEL','MARTINEZ',7),
	 (17,47,'GILDARDO','VIKINGOS',7),
	 (18,47,'JAZMIN','VIKINGOS',9),
	 (19,47,'FLORICEL','VIKINGOS',30),
	 (20,47,'MARLEN','VIKINGOS',24),
	 (21,47,'ABRAHAM','VIKINGOS',12),
	 (22,47,'RUBÍ','VIKINGOS',2),
	 (23,47,'JORGE','VIKINGOS',10),
	 (24,47,'MANUEL','VIKINGOS',171),
	 (25,47,'DAVID','VIKINGOS',31),
	 (26,50,'JAZMIN','GONZALEZ',30),
	 (27,50,'AHIDE','BARAJAS',17),
	 (28,50,'EDUARDO','RODRIGUEZ',6),
	 (29,50,'MARCO','LA SELECCIÓN',2),
	 (30,50,'ALEXIS','BARAJAS',10),
	 (31,50,'BERENICE','CASTILLO',5),
	 (32,53,'EDI','PADILLA SOLIS',25),
	 (33,53,'RAMIRO','GONZALEZ',22),
	 (34,53,'PAOLA','VELASCO',4),
	 (35,53,'ZAIDA','L.SUAL',30),
	 (36,53,'LUZ ELENA','JOAQUIN',3),
	 (37,53,'SERGIO E.','ROBLES',9),
	 (38,53,'REBECA','BERNAL',7),
	 (39,53,'FRANCISCO','PLACENCIA',11),
	 (40,56,'INES','JIMENEZ',1),
	 (41,56,'HILDA','MARTINEZ',13),
	 (42,56,'LETICIA','RODRIGUEZ',15),
	 (43,56,'JOSE LUIS','MARQUEZ',18),
	 (44,56,'GLENDA','SOTO',44),
	 (45,56,'DANIELA','FIGUEROA',10),
	 (46,56,'JOSE','BAÑUELOS',30),
	 (47,56,'FELIPE','BAÑUELOS',28),
	 (48,50,'GUADALUPE','FIGUEROA',12),
	 (49,50,'ANA LAURA','LA SELECCIÓN',22),
	 (50,28,'HORTENCIA','RODRIGUEZ',14),
	 (51,28,'ARIANA','BARRON',7),
	 (52,28,'JESSICA','LEAÑOS',9),
	 (53,28,'EVELYN','SERNA',22),
	 (54,28,'LEZLHY','NIEVES',3),
	 (55,28,'YESSICA','SERNA',12);
